UNITID,XSCUGRAD,SCUGRAD,XSCUGDGSK,SCUGDGSK,XSCUGNDGS,SCUGNDGS,XSCUGFFN,SCUGFFN,XSCUGFFP,SCUGFFP,XSCFA2,SCFA2,XSCFA2DG,SCFA2DG,XSCFA2ND,SCFA2ND,XSCFA1N,SCFA1N,XSCFA1P,SCFA1P,XSCFY2,SCFY2,XSCFY2DG,SCFY2DG,XSCFY2ND,SCFY2ND,XSCFY1N,SCFY1N,XSCFY1P,SCFY1P,XUAGRNTN,UAGRNTN,XUAGRNTP,UAGRNTP,XUAGRNTT,UAGRNTT,XUAGRNTA,UAGRNTA,XUDGAGRNTN,UDGAGRNTN,XUDGAGRNTP,UDGAGRNTP,XUDGAGRNTT,UDGAGRNTT,XUDGAGRNTA,UDGAGRNTA,XUNDAGRNTN,UNDAGRNTN,XUNDAGRNTP,UNDAGRNTP,XUNDAGRNTT,UNDAGRNTT,XUNDAGRNTA,UNDAGRNTA,XUPGRNTN,UPGRNTN,XUPGRNTP,UPGRNTP,XUPGRNTT,UPGRNTT,XUPGRNTA,UPGRNTA,XUDGPGRNTN,UDGPGRNTN,XUDGPGRNTP,UDGPGRNTP,XUDGPGRNTT,UDGPGRNTT,XUDGPGRNTA,UDGPGRNTA,XUNDPGRNTN,UNDPGRNTN,XUNDPGRNTP,UNDPGRNTP,XUNDPGRNTT,UNDPGRNTT,XUNDPGRNTA,UNDPGRNTA,XUFLOANN,UFLOANN,XUFLOANP,UFLOANP,XUFLOANT,UFLOANT,XUFLOANA,UFLOANA,XUDGFLOANN,UDGFLOANN,XUDGFLOANP,UDGFLOANP,XUDGFLOANT,UDGFLOANT,XUDGFLOANA,UDGFLOANA,XUNDFLOANN,UNDFLOANN,XUNDFLOANP,UNDFLOANP,XUNDFLOANT,UNDFLOANT,XUNDFLOANA,UNDFLOANA,XANYAIDN,ANYAIDN,XANYAIDP,ANYAIDP,XAIDFSIN,AIDFSIN,XAIDFSIP,AIDFSIP,XAGRNT_N,AGRNT_N,XAGRNT_P,AGRNT_P,XAGRNT_T,AGRNT_T,XAGRNT_A,AGRNT_A,XFGRNT_N,FGRNT_N,XFGRNT_P,FGRNT_P,XFGRNT_T,FGRNT_T,XFGRNT_A,FGRNT_A,XPGRNT_N,PGRNT_N,XPGRNT_P,PGRNT_P,XPGRNT_T,PGRNT_T,XPGRNT_A,PGRNT_A,XOFGRT_N,OFGRT_N,XOFGRT_P,OFGRT_P,XOFGRT_T,OFGRT_T,XOFGRT_A,OFGRT_A,XSGRNT_N,SGRNT_N,XSGRNT_P,SGRNT_P,XSGRNT_T,SGRNT_T,XSGRNT_A,SGRNT_A,XIGRNT_N,IGRNT_N,XIGRNT_P,IGRNT_P,XIGRNT_T,IGRNT_T,XIGRNT_A,IGRNT_A,XLOAN_N,LOAN_N,XLOAN_P,LOAN_P,XLOAN_T,LOAN_T,XLOAN_A,LOAN_A,XFLOAN_N,FLOAN_N,XFLOAN_P,FLOAN_P,XFLOAN_T,FLOAN_T,XFLOAN_A,FLOAN_A,XOLOAN_N,OLOAN_N,XOLOAN_P,OLOAN_P,XOLOAN_T,OLOAN_T,XOLOAN_A,OLOAN_A,YEAR
222567,R,5576,R,3193,R,2383,R,295,R,5,R,5576.0,R,3193.0,R,2383.0,R,295.0,R,5.0,A,,A,,A,,A,,A,,R,1887,R,34,R,8504669,R,4507.0,R,1768,R,55,R,8442677,R,4775.0,R,119,R,5,R,61992,R,521.0,R,1407,R,25,R,7160171,R,5089.0,R,1399,R,44,R,7138512,R,5103.0,R,8,R,0,R,21659,R,2707.0,R,250,R,4,R,779049,R,3116.0,R,249,R,8,R,777299,R,3122.0,R,1,R,0,R,1750,R,1750.0,R,203.0,R,69.0,R,178.0,R,60.0,R,162.0,R,55.0,R,1226485.0,R,7571.0,R,128.0,R,43.0,R,936702.0,R,7318.0,R,128.0,R,43.0,R,917702.0,R,7170.0,R,9.0,R,3.0,R,19000.0,R,2111.0,R,84.0,R,28.0,R,235852.0,R,2808.0,R,27.0,R,9.0,R,53931.0,R,1997.0,R,25.0,R,8.0,R,81768.0,R,3271.0,R,25.0,R,8.0,R,74250.0,R,2970.0,R,1.0,R,0.0,R,7518.0,R,7518.0,2024
222576,R,9215,R,7347,R,1868,R,1112,R,12,R,9215.0,R,7347.0,R,1868.0,R,1112.0,R,12.0,A,,A,,A,,A,,A,,R,4582,R,50,R,21540695,R,4701.0,R,4564,R,62,R,21502713,R,4711.0,R,18,R,1,R,37982,R,2110.0,R,4059,R,44,R,18203875,R,4485.0,R,4050,R,55,R,18173990,R,4487.0,R,9,R,0,R,29885,R,3321.0,R,1147,R,12,R,5550739,R,4839.0,R,1146,R,16,R,5548018,R,4841.0,R,1,R,0,R,2721,R,2721.0,R,796.0,R,72.0,R,748.0,R,67.0,R,748.0,R,67.0,R,4453717.0,R,5954.0,R,670.0,R,60.0,R,3757682.0,R,5608.0,R,670.0,R,60.0,R,3700182.0,R,5523.0,R,96.0,R,9.0,R,57500.0,R,599.0,R,159.0,R,14.0,R,536720.0,R,3376.0,R,159.0,R,14.0,R,159315.0,R,1002.0,R,66.0,R,6.0,R,244827.0,R,3710.0,R,65.0,R,6.0,R,239827.0,R,3690.0,R,1.0,R,0.0,R,5000.0,R,5000.0,2024
222822,R,3896,R,2355,R,1541,R,494,R,13,R,3896.0,R,2355.0,R,1541.0,R,494.0,R,13.0,A,,A,,A,,A,,A,,R,2925,R,75,R,10627886,R,3633.0,R,1890,R,80,R,10078123,R,5332.0,R,1035,R,67,R,549763,R,531.0,R,1500,R,39,R,6948454,R,4632.0,R,1495,R,63,R,6929268,R,4635.0,R,5,R,0,R,19186,R,3837.0,R,0,R,0,R,0,A,,R,0,R,0,R,0,A,,R,0,R,0,R,0,A,,R,455.0,R,92.0,R,436.0,R,88.0,R,436.0,R,88.0,R,2989640.0,R,6857.0,R,337.0,R,68.0,R,1911356.0,R,5672.0,R,337.0,R,68.0,R,1872176.0,R,5555.0,R,30.0,R,6.0,R,39180.0,R,1306.0,R,148.0,R,30.0,R,450481.0,R,3044.0,R,157.0,R,32.0,R,627803.0,R,3999.0,R,0.0,R,0.0,R,0.0,A,,R,0.0,R,0.0,R,0.0,A,,R,0.0,R,0.0,R,0.0,A,,2024
222831,R,9623,R,5515,R,4108,R,1423,R,15,R,9623.0,R,5515.0,R,4108.0,R,1423.0,R,15.0,A,,A,,A,,A,,A,,R,5008,R,52,R,41954588,R,8378.0,R,4991,R,90,R,41919671,R,8399.0,R,17,R,0,R,34917,R,2054.0,R,2660,R,28,R,14968414,R,5627.0,R,2659,R,48,R,14961358,R,5627.0,R,1,R,0,R,7056,R,7056.0,R,2252,R,23,R,13631565,R,6053.0,R,2251,R,41,R,13619065,R,6050.0,R,1,R,0,R,12500,R,12500.0,R,1390.0,R,98.0,R,1390.0,R,98.0,R,1336.0,R,94.0,R,12107130.0,R,9062.0,R,765.0,R,54.0,R,4470331.0,R,5844.0,R,764.0,R,54.0,R,4461560.0,R,5840.0,R,10.0,R,1.0,R,8771.0,R,877.0,R,1010.0,R,71.0,R,4317210.0,R,4274.0,R,1048.0,R,74.0,R,3319589.0,R,3168.0,R,643.0,R,45.0,R,4436217.0,R,6899.0,R,629.0,R,44.0,R,3248845.0,R,5165.0,R,90.0,R,6.0,R,1187372.0,R,13193.0,2024
222992,R,35600,R,25969,R,9631,R,2338,R,7,R,35600.0,R,25969.0,R,9631.0,R,2338.0,R,7.0,A,,A,,A,,A,,A,,R,9513,R,27,R,68096912,R,7158.0,R,9416,R,36,R,67809612,R,7202.0,R,97,R,1,R,287300,R,2962.0,R,8673,R,24,R,56661522,R,6533.0,R,8641,R,33,R,56504732,R,6539.0,R,32,R,0,R,156790,R,4900.0,R,4641,R,13,R,28094216,R,6053.0,R,4634,R,18,R,28044348,R,6052.0,R,7,R,0,R,49868,R,7124.0,R,1205.0,R,52.0,R,1160.0,R,50.0,R,1009.0,R,43.0,R,9612997.0,R,9527.0,R,941.0,R,40.0,R,7587946.0,R,8064.0,R,941.0,R,40.0,R,7472446.0,R,7941.0,R,151.0,R,6.0,R,115500.0,R,765.0,R,429.0,R,18.0,R,1480185.0,R,3450.0,R,281.0,R,12.0,R,544866.0,R,1939.0,R,343.0,R,15.0,R,1799701.0,R,5247.0,R,341.0,R,15.0,R,1707829.0,R,5008.0,R,7.0,R,0.0,R,91872.0,R,13125.0,2024
223320,R,3879,R,1832,R,2047,R,259,R,7,R,3879.0,R,1832.0,R,2047.0,R,259.0,R,7.0,A,,A,,A,,A,,A,,R,1316,R,34,R,8481963,R,6445.0,R,1316,R,72,R,8481963,R,6445.0,R,0,R,0,R,0,A,,R,1018,R,26,R,6730543,R,6612.0,R,1018,R,56,R,6730543,R,6612.0,R,0,R,0,R,0,A,,R,215,R,6,R,1159999,R,5395.0,R,215,R,12,R,1159999,R,5395.0,R,0,R,0,R,0,A,,R,258.0,R,100.0,R,250.0,R,97.0,R,247.0,R,95.0,R,2038539.0,R,8253.0,R,220.0,R,85.0,R,1575756.0,R,7163.0,R,220.0,R,85.0,R,1525285.0,R,6933.0,R,65.0,R,25.0,R,50471.0,R,776.0,R,139.0,R,54.0,R,312308.0,R,2247.0,R,129.0,R,50.0,R,150475.0,R,1166.0,R,28.0,R,11.0,R,126270.0,R,4510.0,R,28.0,R,11.0,R,126270.0,R,4510.0,R,0.0,R,0.0,R,0.0,A,,2024
223427,R,18545,R,15788,R,2757,R,3565,R,19,R,18545.0,R,15788.0,R,2757.0,R,3565.0,R,19.0,A,,A,,A,,A,,A,,R,5567,R,30,R,19108850,R,3433.0,R,5266,R,33,R,18620716,R,3536.0,R,301,R,11,R,488134,R,1622.0,R,3903,R,21,R,10039828,R,2572.0,R,3790,R,24,R,9479685,R,2501.0,R,113,R,4,R,560143,R,4957.0,R,3401,R,18,R,11967586,R,3519.0,R,3320,R,21,R,11649921,R,3509.0,R,81,R,3,R,317665,R,3922.0,R,2208.0,R,62.0,R,2206.0,R,62.0,R,1761.0,R,49.0,R,6923135.0,R,3931.0,R,1264.0,R,35.0,R,3946838.0,R,3122.0,R,1264.0,R,35.0,R,3875088.0,R,3066.0,R,82.0,R,2.0,R,71750.0,R,875.0,R,535.0,R,15.0,R,1267284.0,R,2369.0,R,790.0,R,22.0,R,1709013.0,R,2163.0,R,1240.0,R,35.0,R,4747587.0,R,3829.0,R,1215.0,R,34.0,R,4075462.0,R,3354.0,R,110.0,R,3.0,R,672125.0,R,6110.0,2024
223506,R,4073,R,2842,R,1231,R,227,R,6,R,4073.0,R,2842.0,R,1231.0,R,227.0,R,6.0,A,,A,,A,,A,,A,,R,1595,R,39,R,5062843,R,3174.0,R,1419,R,50,R,4960587,R,3496.0,R,176,R,14,R,102256,R,581.0,R,708,R,17,R,3310836,R,4676.0,R,704,R,25,R,3298040,R,4685.0,R,4,R,0,R,12796,R,3199.0,R,49,R,1,R,287084,R,5859.0,R,49,R,2,R,287084,R,5859.0,R,0,R,0,R,0,A,,R,216.0,R,95.0,R,214.0,R,94.0,R,213.0,R,94.0,R,707615.0,R,3322.0,R,71.0,R,31.0,R,352194.0,R,4960.0,R,71.0,R,31.0,R,342394.0,R,4822.0,R,18.0,R,8.0,R,9800.0,R,544.0,R,43.0,R,19.0,R,123099.0,R,2863.0,R,213.0,R,94.0,R,232322.0,R,1091.0,R,2.0,R,1.0,R,9500.0,R,4750.0,R,2.0,R,1.0,R,9500.0,R,4750.0,R,0.0,R,0.0,R,0.0,A,,2024
223816,R,8192,R,5985,R,2207,R,458,R,6,R,8192.0,R,5985.0,R,2207.0,R,458.0,R,6.0,A,,A,,A,,A,,A,,R,5728,R,70,R,27675036,R,4832.0,R,4268,R,71,R,20971667,R,4914.0,R,1460,R,66,R,6703369,R,4591.0,R,3037,R,37,R,18782853,R,6185.0,R,2830,R,47,R,18134076,R,6408.0,R,207,R,9,R,648777,R,3134.0,R,3428,R,42,R,12682880,R,3700.0,R,3428,R,57,R,12682880,R,3700.0,R,0,R,0,R,0,A,,R,458.0,R,100.0,R,374.0,R,82.0,R,374.0,R,82.0,R,1930041.0,R,5161.0,R,338.0,R,74.0,R,1700238.0,R,5030.0,R,284.0,R,62.0,R,1599854.0,R,5633.0,R,70.0,R,15.0,R,100384.0,R,1434.0,R,86.0,R,19.0,R,88111.0,R,1025.0,R,106.0,R,23.0,R,141692.0,R,1337.0,R,201.0,R,44.0,R,685299.0,R,3409.0,R,201.0,R,44.0,R,685299.0,R,3409.0,Z,0.0,R,0.0,Z,0.0,A,,2024
223898,R,3001,R,1638,R,1363,R,325,R,11,R,3001.0,R,1638.0,R,1363.0,R,325.0,R,11.0,A,,A,,A,,A,,A,,R,1016,R,34,R,5816941,R,5725.0,R,936,R,57,R,5547697,R,5927.0,R,80,R,6,R,269244,R,3366.0,R,775,R,26,R,4109478,R,5303.0,R,738,R,45,R,3915605,R,5306.0,R,37,R,3,R,193873,R,5240.0,R,193,R,6,R,1098874,R,5694.0,R,185,R,11,R,1044790,R,5648.0,R,8,R,1,R,54084,R,6761.0,R,255.0,R,78.0,R,255.0,R,78.0,R,246.0,R,76.0,R,1772521.0,R,7205.0,R,166.0,R,51.0,R,1064237.0,R,6411.0,R,166.0,R,51.0,R,1058736.0,R,6378.0,R,16.0,R,5.0,R,5501.0,R,344.0,R,64.0,R,20.0,R,254582.0,R,3978.0,R,137.0,R,42.0,R,453702.0,R,3312.0,R,29.0,R,9.0,R,150871.0,R,5202.0,R,29.0,R,9.0,R,150871.0,R,5202.0,R,0.0,R,0.0,R,0.0,A,,2024
223922,R,1438,R,1438,R,0,R,216,R,15,R,1438.0,R,1438.0,R,0.0,R,216.0,R,15.0,A,,A,,A,,A,,A,,R,1007,R,70,R,3576873,R,3552.0,R,1007,R,70,R,3576873,R,3552.0,R,0,Z,0,R,0,A,,R,303,R,21,R,1711901,R,5650.0,R,303,R,21,R,1711901,R,5650.0,R,0,Z,0,R,0,A,,R,169,R,12,R,934197,R,5528.0,R,169,R,12,R,934197,R,5528.0,R,0,Z,0,R,0,A,,R,194.0,R,90.0,R,184.0,R,85.0,R,184.0,R,85.0,R,1234766.0,R,6711.0,R,102.0,R,47.0,R,640211.0,R,6277.0,R,102.0,R,47.0,R,622820.0,R,6106.0,R,30.0,R,14.0,R,17391.0,R,580.0,R,36.0,R,17.0,R,115466.0,R,3207.0,R,142.0,R,66.0,R,479089.0,R,3374.0,R,42.0,R,19.0,R,213629.0,R,5086.0,R,42.0,R,19.0,R,210629.0,R,5015.0,R,1.0,R,0.0,R,3000.0,R,3000.0,2024
224110,R,7544,R,5724,R,1820,R,802,R,11,R,7544.0,R,5724.0,R,1820.0,R,802.0,R,11.0,A,,A,,A,,A,,A,,R,4026,R,53,R,10708697,R,2660.0,R,2637,R,46,R,9998602,R,3792.0,R,1389,R,76,R,710095,R,511.0,R,1617,R,21,R,4575344,R,2830.0,R,1603,R,28,R,4548061,R,2837.0,R,14,R,1,R,27283,R,1949.0,R,1533,R,20,R,9034407,R,5893.0,R,1533,R,27,R,9034407,R,5893.0,R,0,R,0,R,0,A,,R,545.0,R,68.0,R,537.0,R,67.0,R,479.0,R,60.0,R,2454023.0,R,5123.0,R,291.0,R,36.0,R,949379.0,R,3262.0,R,266.0,R,33.0,R,849457.0,R,3193.0,R,137.0,R,17.0,R,99922.0,R,729.0,R,240.0,R,30.0,R,653147.0,R,2721.0,R,162.0,R,20.0,R,851497.0,R,5256.0,R,133.0,R,17.0,R,679734.0,R,5111.0,R,129.0,R,16.0,R,621879.0,R,4821.0,R,6.0,R,1.0,R,57855.0,R,9643.0,2024
224147,R,7822,R,7804,R,18,R,1994,R,25,R,7822.0,R,7804.0,R,18.0,R,1994.0,R,25.0,A,,A,,A,,A,,A,,R,5071,R,65,R,43649421,R,8608.0,R,5069,R,65,R,43645421,R,8610.0,R,2,R,11,R,4000,R,2000.0,R,3356,R,43,R,19744607,R,5883.0,R,3356,R,43,R,19744607,R,5883.0,R,0,R,0,R,0,A,,R,3262,R,42,R,21130347,R,6478.0,R,3252,R,42,R,21060731,R,6476.0,R,10,R,56,R,69616,R,6962.0,R,1660.0,R,83.0,R,1651.0,R,83.0,R,1515.0,R,76.0,R,14539388.0,R,9597.0,R,964.0,R,48.0,R,5976330.0,R,6200.0,R,963.0,R,48.0,R,5813966.0,R,6037.0,R,317.0,R,16.0,R,162364.0,R,512.0,R,969.0,R,49.0,R,5301039.0,R,5471.0,R,1138.0,R,57.0,R,3262019.0,R,2866.0,R,893.0,R,45.0,R,5756775.0,R,6447.0,R,865.0,R,43.0,R,4664228.0,R,5392.0,R,86.0,R,4.0,R,1092547.0,R,12704.0,2024
224350,R,9720,R,9026,R,694,R,323,R,3,R,9720.0,R,9026.0,R,694.0,R,323.0,R,3.0,A,,A,,A,,A,,A,,R,3820,R,39,R,29494801,R,7721.0,R,3536,R,39,R,27183140,R,7688.0,R,284,R,41,R,2311661,R,8140.0,R,3255,R,33,R,25248016,R,7757.0,R,3004,R,33,R,23200101,R,7723.0,R,251,R,36,R,2047915,R,8159.0,R,475,R,5,R,2077209,R,4373.0,R,433,R,5,R,1914182,R,4421.0,R,42,R,6,R,163027,R,3882.0,R,246.0,R,76.0,R,246.0,R,76.0,R,238.0,R,74.0,R,2174719.0,R,9137.0,R,216.0,R,67.0,R,1741749.0,R,8064.0,R,216.0,R,67.0,R,1727725.0,R,7999.0,R,7.0,R,2.0,R,14024.0,R,2003.0,R,94.0,R,29.0,R,298302.0,R,3173.0,R,66.0,R,20.0,R,134668.0,R,2040.0,R,18.0,R,6.0,R,65611.0,R,3645.0,R,17.0,R,5.0,R,63051.0,R,3709.0,R,1.0,R,0.0,R,2560.0,R,2560.0,2024
224545,R,1775,R,1775,R,0,R,248,R,14,R,1775.0,R,1775.0,R,0.0,R,248.0,R,14.0,A,,A,,A,,A,,A,,R,1527,R,86,R,15136120,R,9912.0,R,1527,R,86,R,15136120,R,9912.0,R,0,Z,0,R,0,A,,R,932,R,53,R,5384679,R,5778.0,R,932,R,53,R,5384679,R,5778.0,R,0,Z,0,R,0,A,,R,805,R,45,R,6680149,R,8298.0,R,805,R,45,R,6680149,R,8298.0,R,0,Z,0,R,0,A,,R,241.0,R,97.0,R,231.0,R,93.0,R,227.0,R,92.0,R,2437161.0,R,10736.0,R,144.0,R,58.0,R,908191.0,R,6307.0,R,142.0,R,57.0,R,886254.0,R,6241.0,R,12.0,R,5.0,R,21937.0,R,1828.0,R,123.0,R,50.0,R,865366.0,R,7035.0,R,135.0,R,54.0,R,663604.0,R,4916.0,R,111.0,R,45.0,R,703462.0,R,6337.0,R,109.0,R,44.0,R,604143.0,R,5543.0,R,8.0,R,3.0,R,99319.0,R,12415.0,2024
224554,R,8319,R,8250,R,69,R,1038,R,12,R,8319.0,R,8250.0,R,69.0,R,1038.0,R,12.0,A,,A,,A,,A,,A,,R,5621,R,68,R,50234307,R,8937.0,R,5593,R,68,R,50023052,R,8944.0,R,28,R,41,R,211255,R,7545.0,R,3367,R,40,R,21149983,R,6282.0,R,3367,R,41,R,21149983,R,6282.0,R,0,R,0,R,0,A,,R,2930,R,35,R,21220614,R,7243.0,R,2930,R,36,R,21220614,R,7243.0,R,0,R,0,R,0,A,,R,983.0,R,95.0,R,968.0,R,93.0,R,943.0,R,91.0,R,10695610.0,R,11342.0,R,705.0,R,68.0,R,4698518.0,R,6665.0,R,704.0,R,68.0,R,4623121.0,R,6567.0,R,49.0,R,5.0,R,75397.0,R,1539.0,R,630.0,R,61.0,R,3822757.0,R,6068.0,R,636.0,R,61.0,R,2174335.0,R,3419.0,R,611.0,R,59.0,R,3410534.0,R,5582.0,R,604.0,R,58.0,R,3228955.0,R,5346.0,R,16.0,R,2.0,R,181579.0,R,11349.0,2024
224615,R,66592,R,41815,R,24777,R,3246,R,5,R,66592.0,R,41815.0,R,24777.0,R,3246.0,R,5.0,A,,A,,A,,A,,A,,R,22763,R,34,R,121117856,R,5321.0,R,20479,R,49,R,118187467,R,5771.0,R,2284,R,9,R,2930389,R,1283.0,R,15716,R,24,R,98277849,R,6253.0,R,15646,R,37,R,97925930,R,6259.0,R,70,R,0,R,351919,R,5027.0,R,3694,R,6,R,20715094,R,5608.0,R,3692,R,9,R,20704047,R,5608.0,R,2,R,0,R,11047,R,5524.0,R,2517.0,R,78.0,R,2517.0,R,78.0,R,2484.0,R,77.0,R,16015498.0,R,6447.0,R,1872.0,R,58.0,R,12462392.0,R,6657.0,R,1866.0,R,57.0,R,12300569.0,R,6592.0,R,301.0,R,9.0,R,161823.0,R,538.0,R,1333.0,R,41.0,R,2634298.0,R,1976.0,R,614.0,R,19.0,R,918808.0,R,1496.0,R,226.0,R,7.0,R,1028079.0,R,4549.0,R,226.0,R,7.0,R,1009068.0,R,4465.0,R,2.0,R,0.0,R,19011.0,R,9506.0,2024
224642,R,25444,R,23868,R,1576,R,2339,R,9,R,25444.0,R,23868.0,R,1576.0,R,2339.0,R,9.0,A,,A,,A,,A,,A,,R,9613,R,38,R,77656593,R,8078.0,R,8941,R,37,R,71996047,R,8052.0,R,672,R,43,R,5660546,R,8423.0,R,9300,R,37,R,66725999,R,7175.0,R,8640,R,36,R,61830181,R,7156.0,R,660,R,42,R,4895818,R,7418.0,R,413,R,2,R,1980247,R,4795.0,R,399,R,2,R,1915975,R,4802.0,R,14,R,1,R,64272,R,4591.0,R,1942.0,R,83.0,R,1929.0,R,82.0,R,1902.0,R,81.0,R,18783130.0,R,9875.0,R,1881.0,R,80.0,R,15536684.0,R,8260.0,R,1881.0,R,80.0,R,15406792.0,R,8191.0,R,85.0,R,4.0,R,129892.0,R,1528.0,R,1127.0,R,48.0,R,3088040.0,R,2740.0,R,56.0,R,2.0,R,158406.0,R,2829.0,R,49.0,R,2.0,R,164472.0,R,3357.0,R,48.0,R,2.0,R,162472.0,R,3385.0,R,1.0,R,0.0,R,2000.0,R,2000.0,2024
224891,R,1748,R,749,R,999,R,267,R,15,R,1748.0,R,749.0,R,999.0,R,267.0,R,15.0,A,,A,,A,,A,,A,,R,1567,R,90,R,3869163,R,2469.0,R,659,R,88,R,3320687,R,5039.0,R,908,R,91,R,548476,R,604.0,R,458,R,26,R,2126200,R,4642.0,R,458,R,61,R,2126200,R,4642.0,R,0,R,0,R,0,A,,R,73,R,4,R,379942,R,5205.0,R,73,R,10,R,379942,R,5205.0,R,0,R,0,R,0,A,,R,145.0,R,54.0,R,144.0,R,54.0,R,144.0,R,54.0,R,911693.0,R,6331.0,R,44.0,R,16.0,R,413065.0,R,9388.0,R,39.0,R,15.0,R,404977.0,R,10384.0,R,5.0,R,2.0,R,8088.0,R,1618.0,R,10.0,R,4.0,R,65237.0,R,6524.0,R,90.0,R,34.0,R,433391.0,R,4815.0,R,8.0,R,3.0,R,68506.0,R,8563.0,R,8.0,R,3.0,R,68506.0,R,8563.0,R,0.0,R,0.0,R,0.0,A,,2024
224961,R,2119,R,1524,R,595,R,227,R,11,R,2119.0,R,1524.0,R,595.0,R,227.0,R,11.0,A,,A,,A,,A,,A,,R,1589,R,75,R,6193037,R,3897.0,R,1075,R,71,R,5517598,R,5133.0,R,514,R,86,R,675439,R,1314.0,R,860,R,41,R,3887069,R,4520.0,R,796,R,52,R,3634683,R,4566.0,R,64,R,11,R,252386,R,3944.0,R,186,R,9,R,1195604,R,6428.0,R,179,R,12,R,1148701,R,6417.0,R,7,R,1,R,46903,R,6700.0,R,205.0,R,90.0,R,205.0,R,90.0,R,205.0,R,90.0,R,1282899.0,R,6258.0,R,132.0,R,58.0,R,801151.0,R,6069.0,R,131.0,R,58.0,R,798751.0,R,6097.0,R,7.0,R,3.0,R,2400.0,R,343.0,R,66.0,R,29.0,R,185368.0,R,2809.0,R,65.0,R,29.0,R,296380.0,R,4560.0,R,25.0,R,11.0,R,109773.0,R,4391.0,R,22.0,R,10.0,R,93273.0,R,4240.0,R,3.0,R,1.0,R,16500.0,R,5500.0,2024
225070,R,4166,R,2862,R,1304,R,410,R,10,R,4166.0,R,2862.0,R,1304.0,R,410.0,R,10.0,A,,A,,A,,A,,A,,R,2034,R,49,R,12038019,R,5918.0,R,1925,R,67,R,11946324,R,6206.0,R,109,R,8,R,91695,R,841.0,R,1342,R,32,R,8535898,R,6361.0,R,1330,R,46,R,8493697,R,6386.0,R,12,R,1,R,42201,R,3517.0,R,370,R,9,R,3585034,R,9689.0,R,370,R,13,R,3585034,R,9689.0,R,0,R,0,R,0,A,,R,397.0,R,97.0,R,395.0,R,96.0,R,391.0,R,95.0,R,2788315.0,R,7131.0,R,247.0,R,60.0,R,1734963.0,R,7024.0,R,247.0,R,60.0,R,1721363.0,R,6969.0,R,42.0,R,10.0,R,13600.0,R,324.0,R,232.0,R,57.0,R,547017.0,R,2358.0,R,316.0,R,77.0,R,506335.0,R,1602.0,R,31.0,R,8.0,R,234545.0,R,7566.0,R,31.0,R,8.0,R,234545.0,R,7566.0,R,0.0,R,0.0,R,0.0,A,,2024
225308,R,5300,R,5249,R,51,R,553,R,10,R,5300.0,R,5249.0,R,51.0,R,553.0,R,10.0,A,,A,,A,,A,,A,,R,2085,R,39,R,19023193,R,9124.0,R,2069,R,39,R,18902418,R,9136.0,R,16,R,31,R,120775,R,7548.0,R,1578,R,30,R,14724142,R,9331.0,R,1568,R,30,R,14623971,R,9327.0,R,10,R,20,R,100171,R,10017.0,R,652,R,12,R,3827148,R,5870.0,R,650,R,12,R,3821177,R,5879.0,R,2,R,4,R,5971,R,2986.0,R,410.0,R,74.0,R,386.0,R,70.0,R,359.0,R,65.0,R,3439862.0,R,9582.0,R,281.0,R,51.0,R,2552307.0,R,9083.0,R,281.0,R,51.0,R,2527972.0,R,8996.0,R,46.0,R,8.0,R,24335.0,R,529.0,R,123.0,R,22.0,R,320542.0,R,2606.0,R,167.0,R,30.0,R,567013.0,R,3395.0,R,102.0,R,18.0,R,502611.0,R,4928.0,R,102.0,R,18.0,R,502611.0,R,4928.0,R,0.0,R,0.0,R,0.0,A,,2024
225371,R,4000,R,2269,R,1731,R,357,R,9,R,4000.0,R,2269.0,R,1731.0,R,357.0,R,9.0,A,,A,,A,,A,,A,,R,3643,R,91,R,9746808,R,2675.0,R,2269,R,100,R,8825048,R,3889.0,R,1374,R,79,R,921760,R,671.0,R,1258,R,31,R,5039939,R,4006.0,R,1258,R,55,R,5039939,R,4006.0,R,0,R,0,R,0,A,,R,673,R,17,R,3785109,R,5624.0,R,673,R,30,R,3785109,R,5624.0,R,0,R,0,R,0,A,,R,314.0,R,88.0,R,281.0,R,79.0,R,228.0,R,64.0,R,1590756.0,R,6977.0,R,187.0,R,52.0,R,1013242.0,R,5418.0,R,172.0,R,48.0,R,987067.0,R,5739.0,R,15.0,R,4.0,R,26175.0,R,1745.0,R,98.0,R,27.0,R,250684.0,R,2558.0,R,98.0,R,27.0,R,326830.0,R,3335.0,R,147.0,R,41.0,R,733614.0,R,4991.0,R,146.0,R,41.0,R,729124.0,R,4994.0,R,1.0,R,0.0,R,4490.0,R,4490.0,2024
225414,R,6108,R,6065,R,43,R,356,R,6,R,6108.0,R,6065.0,R,43.0,R,356.0,R,6.0,A,,A,,A,,A,,A,,R,3762,R,62,R,46924077,R,12473.0,R,3762,R,62,R,46924077,R,12473.0,R,0,R,0,R,0,A,,R,2763,R,45,R,14243462,R,5155.0,R,2763,R,46,R,14243462,R,5155.0,R,0,R,0,R,0,A,,R,1709,R,28,R,11981695,R,7011.0,R,1709,R,28,R,11981695,R,7011.0,R,0,R,0,R,0,A,,C,285.0,C,80.0,R,272.0,R,76.0,R,272.0,R,76.0,R,3435337.0,R,12630.0,R,248.0,R,70.0,R,1203907.0,R,4854.0,R,197.0,R,55.0,R,1165276.0,R,5915.0,R,51.0,R,14.0,R,38631.0,R,757.0,R,182.0,R,51.0,R,1623507.0,R,8920.0,R,119.0,R,33.0,R,607923.0,R,5109.0,R,76.0,R,21.0,R,405895.0,R,5341.0,R,73.0,R,21.0,R,336569.0,R,4611.0,R,7.0,R,2.0,R,69326.0,R,9904.0,2024
225423,R,49749,R,37970,R,11779,R,4450,R,9,R,49749.0,R,37970.0,R,11779.0,R,4450.0,R,9.0,A,,A,,A,,A,,A,,R,19305,R,39,R,96451959,R,4996.0,R,19181,R,51,R,96337526,R,5023.0,R,124,R,1,R,114433,R,923.0,R,17779,R,36,R,81933848,R,4608.0,R,17744,R,47,R,81861240,R,4613.0,R,35,R,0,R,72608,R,2075.0,R,7271,R,15,R,44531176,R,6124.0,R,7262,R,19,R,44488155,R,6126.0,R,9,R,0,R,43021,R,4780.0,R,3077.0,R,69.0,C,3077.0,C,69.0,C,3077.0,C,69.0,R,20825078.0,C,6768.0,R,2640.0,R,59.0,R,16624369.0,R,6297.0,R,2640.0,R,59.0,R,16552369.0,R,6270.0,R,110.0,R,2.0,R,72000.0,R,655.0,R,1459.0,R,33.0,R,3221358.0,R,2208.0,R,576.0,R,13.0,R,979351.0,R,1700.0,R,552.0,R,12.0,R,3133559.0,R,5677.0,R,552.0,R,12.0,R,3133559.0,R,5677.0,R,0.0,R,0.0,R,0.0,A,,2024
225432,R,12891,R,12823,R,68,R,1343,R,10,R,12891.0,R,12823.0,R,68.0,R,1343.0,R,10.0,A,,A,,A,,A,,A,,R,10110,R,78,R,66410182,R,6569.0,R,10108,R,79,R,66406779,R,6570.0,R,2,R,3,R,3403,R,1702.0,R,7118,R,55,R,39521348,R,5552.0,R,7118,R,56,R,39521348,R,5552.0,R,0,R,0,R,0,A,,R,3848,R,30,R,30532521,R,7935.0,R,3848,R,30,R,30532521,R,7935.0,R,0,R,0,R,0,A,,R,1183.0,R,88.0,R,1164.0,R,87.0,R,1126.0,R,84.0,R,11549926.0,R,10257.0,R,953.0,R,71.0,R,6396869.0,R,6712.0,R,948.0,R,71.0,R,6383261.0,R,6733.0,R,20.0,R,1.0,R,13608.0,R,680.0,R,407.0,R,30.0,R,4171712.0,R,10250.0,R,342.0,R,25.0,R,981345.0,R,2869.0,R,286.0,R,21.0,R,1414659.0,R,4946.0,R,283.0,R,21.0,R,1331262.0,R,4704.0,R,8.0,R,1.0,R,83397.0,R,10425.0,2024
225502,R,2708,R,2631,R,77,R,149,R,6,R,2708.0,R,2631.0,R,77.0,R,149.0,R,6.0,A,,A,,A,,A,,A,,R,2044,R,75,R,15162683,R,7418.0,R,2042,R,78,R,15160235,R,7424.0,R,2,R,3,R,2448,R,1224.0,R,1325,R,49,R,7259374,R,5479.0,R,1325,R,50,R,7259374,R,5479.0,R,0,R,0,R,0,A,,R,1024,R,38,R,7656849,R,7477.0,R,1023,R,39,R,7638145,R,7466.0,R,1,R,1,R,18704,R,18704.0,R,135.0,R,91.0,R,135.0,R,91.0,R,124.0,R,83.0,R,1638022.0,R,13210.0,R,104.0,R,70.0,R,596584.0,R,5736.0,R,84.0,R,56.0,R,583618.0,R,6948.0,R,20.0,R,13.0,R,12966.0,R,648.0,R,87.0,R,58.0,R,664088.0,R,7633.0,R,108.0,R,72.0,R,377350.0,R,3494.0,R,42.0,R,28.0,R,286658.0,R,6825.0,R,40.0,R,27.0,R,212002.0,R,5300.0,R,6.0,R,4.0,R,74656.0,R,12443.0,2024
225511,R,37946,R,37175,R,771,R,5214,R,14,R,37946.0,R,37175.0,R,771.0,R,5214.0,R,14.0,A,,A,,A,,A,,A,,R,23039,R,61,R,222052775,R,9638.0,R,22901,R,62,R,220519089,R,9629.0,R,138,R,18,R,1533686,R,11114.0,R,15806,R,42,R,88905468,R,5625.0,R,15798,R,42,R,88880379,R,5626.0,R,8,R,1,R,25089,R,3136.0,R,12021,R,32,R,77264502,R,6427.0,R,11908,R,32,R,76425477,R,6418.0,R,113,R,15,R,839025,R,7425.0,R,4339.0,R,83.0,R,4208.0,R,81.0,R,3846.0,R,74.0,R,46761802.0,R,12159.0,R,2370.0,R,45.0,R,15386784.0,R,6492.0,R,2370.0,R,45.0,R,14716667.0,R,6210.0,R,426.0,R,8.0,R,670117.0,R,1573.0,R,1741.0,R,33.0,R,14567541.0,R,8367.0,R,2910.0,R,56.0,R,16807477.0,R,5776.0,R,1860.0,R,36.0,R,13483777.0,R,7249.0,R,1789.0,R,34.0,R,8967087.0,R,5012.0,R,256.0,R,5.0,R,4516690.0,R,17643.0,2024
225520,R,4136,R,1589,R,2547,R,279,R,7,R,4136.0,R,1589.0,R,2547.0,R,279.0,R,7.0,A,,A,,A,,A,,A,,R,3763,R,91,R,8184840,R,2175.0,R,1431,R,90,R,7468475,R,5219.0,R,2332,R,92,R,716365,R,307.0,R,980,R,24,R,4366499,R,4456.0,R,980,R,62,R,4366499,R,4456.0,R,0,R,0,R,0,A,,R,360,R,9,R,2128359,R,5912.0,R,360,R,23,R,2128359,R,5912.0,R,0,R,0,R,0,A,,R,254.0,R,91.0,R,225.0,R,81.0,R,225.0,R,81.0,R,1686087.0,R,7494.0,R,141.0,R,51.0,R,784539.0,R,5564.0,R,141.0,R,51.0,R,772339.0,R,5478.0,R,21.0,R,8.0,R,12200.0,R,581.0,R,69.0,R,25.0,R,223883.0,R,3245.0,R,116.0,R,42.0,R,677665.0,R,5842.0,R,27.0,R,10.0,R,115785.0,R,4288.0,R,27.0,R,10.0,R,115785.0,R,4288.0,R,0.0,R,0.0,R,0.0,A,,2024
226019,R,6067,R,3133,R,2934,R,772,R,13,R,6067.0,R,3133.0,R,2934.0,R,772.0,R,13.0,A,,A,,A,,A,,A,,R,2495,R,41,R,13568730,R,5438.0,R,2367,R,76,R,13511814,R,5708.0,R,128,R,4,R,56916,R,445.0,R,1925,R,32,R,9813469,R,5098.0,R,1925,R,61,R,9813469,R,5098.0,R,0,R,0,R,0,A,,R,742,R,12,R,4612422,R,6216.0,R,742,R,24,R,4612422,R,6216.0,R,0,R,0,R,0,A,,R,686.0,R,89.0,R,671.0,R,87.0,R,647.0,R,84.0,R,4679353.0,R,7232.0,R,487.0,R,63.0,R,3105908.0,R,6378.0,R,484.0,R,63.0,R,3063908.0,R,6330.0,R,49.0,R,6.0,R,42000.0,R,857.0,R,72.0,R,9.0,R,262057.0,R,3640.0,R,369.0,R,48.0,R,1311388.0,R,3554.0,R,143.0,R,19.0,R,781405.0,R,5464.0,R,143.0,R,19.0,R,781405.0,R,5464.0,R,0.0,R,0.0,R,0.0,A,,2024
226091,R,7998,R,7945,R,53,R,1458,R,18,R,7998.0,R,7945.0,R,53.0,R,1458.0,R,18.0,A,,A,,A,,A,,A,,R,5894,R,74,R,60076073,R,10193.0,R,5849,R,74,R,59907185,R,10242.0,R,45,R,85,R,168888,R,3753.0,R,3718,R,46,R,21521937,R,5789.0,R,3718,R,47,R,21521937,R,5789.0,R,0,R,0,R,0,A,,R,3343,R,42,R,24465127,R,7318.0,R,3343,R,42,R,24465127,R,7318.0,R,0,R,0,R,0,A,,R,1357.0,R,93.0,R,1355.0,R,93.0,R,1326.0,R,91.0,R,16260876.0,R,12263.0,R,823.0,R,56.0,R,5233349.0,R,6359.0,R,822.0,R,56.0,R,5044133.0,R,6136.0,R,69.0,R,5.0,R,189216.0,R,2742.0,R,493.0,R,34.0,R,4449656.0,R,9026.0,R,984.0,R,67.0,R,6577871.0,R,6685.0,R,644.0,R,44.0,R,3827415.0,R,5943.0,R,634.0,R,43.0,R,3385946.0,R,5341.0,R,40.0,R,3.0,R,441469.0,R,11037.0,2024
226107,R,3162,R,1426,R,1736,R,237,R,7,R,3162.0,R,1426.0,R,1736.0,R,237.0,R,7.0,A,,A,,A,,A,,A,,R,1004,R,32,R,5002539,R,4983.0,R,867,R,61,R,4979290,R,5743.0,R,137,R,8,R,23249,R,170.0,R,702,R,22,R,3786211,R,5393.0,R,702,R,49,R,3786211,R,5393.0,R,0,R,0,R,0,A,,R,327,R,10,R,1943576,R,5944.0,R,327,R,23,R,1943576,R,5944.0,R,0,R,0,R,0,A,,R,181.0,R,76.0,R,181.0,R,76.0,R,165.0,R,70.0,R,1039752.0,R,6302.0,R,115.0,R,49.0,R,687374.0,R,5977.0,R,115.0,R,49.0,R,669939.0,R,5826.0,R,19.0,R,8.0,R,17435.0,R,918.0,R,87.0,R,37.0,R,275547.0,R,3167.0,R,57.0,R,24.0,R,76831.0,R,1348.0,R,28.0,R,12.0,R,177040.0,R,6323.0,R,28.0,R,12.0,R,177040.0,R,6323.0,R,0.0,R,0.0,R,0.0,A,,2024
226116,R,3802,R,1455,R,2347,R,321,R,8,R,3802.0,R,1455.0,R,2347.0,R,321.0,R,8.0,A,,A,,A,,A,,A,,R,939,R,25,R,5537767,R,5898.0,R,933,R,64,R,5511902,R,5908.0,R,6,R,0,R,25865,R,4311.0,R,781,R,21,R,3766804,R,4823.0,R,775,R,53,R,3742539,R,4829.0,R,6,R,0,R,24265,R,4044.0,R,274,R,7,R,1859146,R,6785.0,R,274,R,19,R,1859146,R,6785.0,R,0,R,0,R,0,A,,R,256.0,R,80.0,R,254.0,R,79.0,R,229.0,R,71.0,R,1866645.0,R,8151.0,R,185.0,R,58.0,R,1110784.0,R,6004.0,R,185.0,R,58.0,R,1088584.0,R,5884.0,R,52.0,R,16.0,R,22200.0,R,427.0,R,147.0,R,46.0,R,470566.0,R,3201.0,R,79.0,R,25.0,R,285295.0,R,3611.0,R,186.0,R,58.0,R,241383.0,R,1298.0,R,186.0,R,58.0,R,241383.0,R,1298.0,R,0.0,R,0.0,R,0.0,A,,2024
226134,R,10192,R,5086,R,5106,R,1189,R,12,R,10192.0,R,5086.0,R,5106.0,R,1189.0,R,12.0,A,,A,,A,,A,,A,,R,4129,R,41,R,23706663,R,5742.0,R,4129,R,81,R,23706663,R,5742.0,R,0,R,0,R,0,A,,R,3946,R,39,R,21009636,R,5324.0,R,3503,R,69,R,18470134,R,5273.0,R,443,R,9,R,2539502,R,5733.0,R,0,R,0,R,0,A,,R,0,R,0,R,0,A,,R,0,R,0,R,0,A,,R,1043.0,R,88.0,R,1043.0,R,88.0,R,1043.0,R,88.0,R,7340634.0,R,7038.0,R,987.0,R,83.0,R,6581792.0,R,6668.0,R,987.0,R,83.0,R,6442892.0,R,6528.0,R,293.0,R,25.0,R,138900.0,R,474.0,R,281.0,R,24.0,R,582236.0,R,2072.0,R,122.0,R,10.0,R,176606.0,R,1448.0,R,0.0,R,0.0,R,0.0,A,,R,0.0,R,0.0,R,0.0,A,,R,0.0,R,0.0,R,0.0,A,,2024
226152,R,7004,R,6502,R,502,R,1362,R,19,R,7004.0,R,6502.0,R,502.0,R,1362.0,R,19.0,A,,A,,A,,A,,A,,R,5763,R,82,R,56769843,R,9851.0,R,5706,R,88,R,56669075,R,9931.0,R,57,R,11,R,100768,R,1768.0,R,4518,R,65,R,26925765,R,5960.0,R,4510,R,69,R,26918651,R,5969.0,R,8,R,2,R,7114,R,889.0,R,1821,R,26,R,10459226,R,5744.0,R,1813,R,28,R,10378112,R,5724.0,R,8,R,2,R,81114,R,10139.0,R,1346.0,R,99.0,R,1346.0,R,99.0,R,1346.0,R,99.0,R,15177297.0,R,11276.0,R,1000.0,R,73.0,R,6415166.0,R,6415.0,R,1000.0,R,73.0,R,6306224.0,R,6306.0,R,212.0,R,16.0,R,108942.0,R,514.0,R,1042.0,R,77.0,R,5073924.0,R,4869.0,R,710.0,R,52.0,R,3688207.0,R,5195.0,R,176.0,R,13.0,R,779813.0,R,4431.0,R,176.0,R,13.0,R,764413.0,R,4343.0,R,2.0,R,0.0,R,15400.0,R,7700.0,2024
226204,R,8143,R,5118,R,3025,R,393,R,5,R,8143.0,R,5118.0,R,3025.0,R,393.0,R,5.0,A,,A,,A,,A,,A,,R,4028,R,49,R,13078818,R,3247.0,R,4028,R,79,R,13078818,R,3247.0,R,0,R,0,R,0,A,,R,2875,R,35,R,9564798,R,3327.0,R,2875,R,56,R,9564798,R,3327.0,R,0,R,0,R,0,A,,R,401,R,5,R,2283173,R,5694.0,R,401,R,8,R,2283173,R,5694.0,R,0,R,0,R,0,A,,R,376.0,R,96.0,R,376.0,R,96.0,R,376.0,R,96.0,R,1547748.0,R,4116.0,R,247.0,R,63.0,R,895177.0,R,3624.0,R,217.0,R,55.0,R,884177.0,R,4075.0,R,30.0,R,8.0,R,11000.0,R,367.0,R,81.0,R,21.0,R,187362.0,R,2313.0,R,243.0,R,62.0,R,465209.0,R,1914.0,R,16.0,R,4.0,R,82728.0,R,5171.0,R,16.0,R,4.0,R,82728.0,R,5171.0,R,0.0,R,0.0,R,0.0,A,,2024
226408,R,4961,R,3344,R,1617,R,454,R,9,R,4961.0,R,3344.0,R,1617.0,R,454.0,R,9.0,A,,A,,A,,A,,A,,R,2050,R,41,R,9674675,R,4719.0,R,1912,R,57,R,9580216,R,5011.0,R,138,R,9,R,94459,R,684.0,R,1345,R,27,R,7665489,R,5699.0,R,1338,R,40,R,7648902,R,5717.0,R,7,R,0,R,16587,R,2370.0,R,136,R,3,R,603806,R,4440.0,R,136,R,4,R,603806,R,4440.0,R,0,R,0,R,0,A,,R,369.0,R,81.0,R,369.0,R,81.0,R,369.0,R,81.0,R,1915372.0,R,5191.0,R,252.0,R,56.0,R,1567461.0,R,6220.0,R,244.0,R,54.0,R,1562461.0,R,6404.0,R,10.0,R,2.0,R,5000.0,R,500.0,R,110.0,R,24.0,R,194975.0,R,1773.0,R,132.0,R,29.0,R,152936.0,R,1159.0,R,4.0,R,1.0,R,14659.0,R,3665.0,R,4.0,R,1.0,R,14659.0,R,3665.0,R,0.0,R,0.0,R,0.0,A,,2024
226578,R,7217,R,4997,R,2220,R,734,R,10,R,7217.0,R,4997.0,R,2220.0,R,734.0,R,10.0,A,,A,,A,,A,,A,,R,4320,R,60,R,32468490,R,7516.0,R,3565,R,71,R,30369751,R,8519.0,R,755,R,34,R,2098739,R,2780.0,R,2738,R,38,R,16686188,R,6094.0,R,2731,R,55,R,16670437,R,6104.0,R,7,R,0,R,15751,R,2250.0,R,1461,R,20,R,5722549,R,3917.0,R,1458,R,29,R,5703609,R,3912.0,R,3,R,0,R,18940,R,6313.0,R,636.0,R,87.0,R,626.0,R,85.0,R,605.0,R,82.0,R,4844139.0,R,8007.0,R,468.0,R,64.0,R,2855819.0,R,6102.0,R,457.0,R,62.0,R,2851419.0,R,6239.0,R,11.0,R,1.0,R,4400.0,R,400.0,R,290.0,R,40.0,R,1075816.0,R,3710.0,R,230.0,R,31.0,R,912504.0,R,3967.0,R,131.0,R,18.0,R,445351.0,R,3400.0,R,130.0,R,18.0,R,430225.0,R,3309.0,R,2.0,R,0.0,R,15126.0,R,7563.0,2024
226806,R,5219,R,5052,R,167,R,577,R,11,R,5219.0,R,5052.0,R,167.0,R,577.0,R,11.0,A,,A,,A,,A,,A,,R,2021,R,39,R,9250272,R,4577.0,R,1981,R,39,R,9216718,R,4653.0,R,40,R,24,R,33554,R,839.0,R,1107,R,21,R,5055932,R,4567.0,R,1107,R,22,R,5055932,R,4567.0,R,0,R,0,R,0,A,,R,111,R,2,R,682203,R,6146.0,R,111,R,2,R,682203,R,6146.0,R,0,R,0,R,0,A,,R,435.0,R,75.0,R,432.0,R,75.0,R,425.0,R,74.0,R,2941616.0,R,6921.0,R,272.0,R,47.0,R,1579829.0,R,5808.0,R,272.0,R,47.0,R,1544934.0,R,5680.0,R,26.0,R,5.0,R,34895.0,R,1342.0,R,132.0,R,23.0,R,329820.0,R,2499.0,R,264.0,R,46.0,R,1031967.0,R,3909.0,R,17.0,R,3.0,R,71663.0,R,4215.0,R,14.0,R,2.0,R,58432.0,R,4174.0,R,3.0,R,1.0,R,13231.0,R,4410.0,2024
226833,R,4507,R,4044,R,463,R,787,R,17,R,4507.0,R,4044.0,R,463.0,R,787.0,R,17.0,A,,A,,A,,A,,A,,R,3787,R,84,R,33605454,R,8874.0,R,3787,R,94,R,33605454,R,8874.0,R,0,R,0,R,0,A,,R,1832,R,41,R,10085207,R,5505.0,R,1832,R,45,R,10085207,R,5505.0,R,0,R,0,R,0,A,,R,1792,R,40,R,11496720,R,6416.0,R,1792,R,44,R,11496720,R,6416.0,R,0,R,0,R,0,A,,R,755.0,R,96.0,R,755.0,R,96.0,R,725.0,R,92.0,R,8001699.0,R,11037.0,R,453.0,R,58.0,R,2674805.0,R,5905.0,R,453.0,R,58.0,R,2664055.0,R,5881.0,R,15.0,R,2.0,R,10750.0,R,717.0,R,400.0,R,51.0,R,2003837.0,R,5010.0,R,535.0,R,68.0,R,3323057.0,R,6211.0,R,400.0,R,51.0,R,2330641.0,R,5827.0,R,390.0,R,50.0,R,1960886.0,R,5028.0,R,28.0,R,4.0,R,369755.0,R,13206.0,2024
227146,R,6549,R,3959,R,2590,R,798,R,12,R,6549.0,R,3959.0,R,2590.0,R,798.0,R,12.0,A,,A,,A,,A,,A,,R,2894,R,44,R,21713582,R,7503.0,R,2894,R,73,R,21713582,R,7503.0,R,0,R,0,R,0,A,,R,1997,R,30,R,10197681,R,5107.0,R,1997,R,50,R,10197681,R,5107.0,R,0,R,0,R,0,A,,R,1186,R,18,R,6570369,R,5540.0,R,1186,R,30,R,6570369,R,5540.0,R,0,R,0,R,0,A,,R,660.0,R,83.0,R,604.0,R,76.0,R,551.0,R,69.0,R,4307754.0,R,7818.0,R,476.0,R,60.0,R,2893338.0,R,6078.0,R,475.0,R,60.0,R,2834255.0,R,5967.0,R,62.0,R,8.0,R,59083.0,R,953.0,R,235.0,R,29.0,R,887682.0,R,3777.0,R,131.0,R,16.0,R,526734.0,R,4021.0,R,247.0,R,31.0,R,1219635.0,R,4938.0,R,245.0,R,31.0,R,1170549.0,R,4778.0,R,6.0,R,1.0,R,49086.0,R,8181.0,2024
227182,R,70991,R,47486,R,23505,R,5546,R,8,R,70991.0,R,47486.0,R,23505.0,R,5546.0,R,8.0,A,,A,,A,,A,,A,,R,20481,R,29,R,94314352,R,4605.0,R,20341,R,43,R,93910129,R,4617.0,R,140,R,1,R,404223,R,2887.0,R,16551,R,23,R,71925259,R,4346.0,R,16470,R,35,R,71627586,R,4349.0,R,81,R,0,R,297673,R,3675.0,R,5206,R,7,R,31652642,R,6080.0,R,5196,R,11,R,31598355,R,6081.0,R,10,R,0,R,54287,R,5429.0,R,3940.0,R,71.0,R,3477.0,R,63.0,R,3325.0,R,60.0,R,20996190.0,R,6315.0,R,3073.0,R,55.0,R,16521057.0,R,5376.0,R,2735.0,R,49.0,R,15757041.0,R,5761.0,R,749.0,R,14.0,R,764016.0,R,1020.0,R,1991.0,R,36.0,R,3339129.0,R,1677.0,R,1329.0,R,24.0,R,1136004.0,R,855.0,R,559.0,R,10.0,R,1815864.0,R,3248.0,R,558.0,R,10.0,R,1809089.0,R,3242.0,R,1.0,R,0.0,R,6775.0,R,6775.0,2024
227216,R,33858,R,33675,R,183,R,6706,R,20,R,33858.0,R,33675.0,R,183.0,R,6706.0,R,20.0,A,,A,,A,,A,,A,,R,23896,R,71,R,232846475,R,9744.0,R,23892,R,71,R,232837164,R,9745.0,R,4,R,2,R,9311,R,2328.0,R,12881,R,38,R,67740289,R,5259.0,R,12880,R,38,R,67739317,R,5259.0,R,1,R,1,R,972,R,972.0,R,12230,R,36,R,76122402,R,6224.0,R,12227,R,36,R,76106575,R,6224.0,R,3,R,2,R,15827,R,5276.0,R,6027.0,R,90.0,R,5970.0,R,89.0,R,5616.0,R,84.0,R,58451678.0,R,10408.0,R,3038.0,R,45.0,R,18067838.0,R,5947.0,R,3038.0,R,45.0,R,17494629.0,R,5759.0,R,610.0,R,9.0,R,573209.0,R,940.0,R,2429.0,R,36.0,R,13999748.0,R,5764.0,R,4727.0,R,70.0,R,26384092.0,R,5582.0,R,2960.0,R,44.0,R,18494307.0,R,6248.0,R,2869.0,R,43.0,R,14820069.0,R,5166.0,R,253.0,R,4.0,R,3674238.0,R,14523.0,2024
227225,R,3105,R,2135,R,970,R,346,R,11,R,3105.0,R,2135.0,R,970.0,R,346.0,R,11.0,A,,A,,A,,A,,A,,R,1607,R,52,R,7899459,R,4916.0,R,1607,R,75,R,7899459,R,4916.0,R,0,R,0,R,0,A,,R,1233,R,40,R,5738725,R,4654.0,R,1233,R,58,R,5738725,R,4654.0,R,0,R,0,R,0,A,,R,329,R,11,R,2369052,R,7201.0,R,329,R,15,R,2369052,R,7201.0,R,0,R,0,R,0,A,,R,329.0,R,95.0,R,301.0,R,87.0,R,284.0,R,82.0,R,2163843.0,R,7619.0,R,230.0,R,66.0,R,1591699.0,R,6920.0,R,230.0,R,66.0,R,1557146.0,R,6770.0,R,35.0,R,10.0,R,34553.0,R,987.0,R,89.0,R,26.0,R,225394.0,R,2533.0,R,73.0,R,21.0,R,346750.0,R,4750.0,R,57.0,R,16.0,R,439208.0,R,7705.0,R,51.0,R,15.0,R,358425.0,R,7028.0,R,6.0,R,2.0,R,80783.0,R,13464.0,2024
227304,R,8708,R,4176,R,4532,R,639,R,7,R,8708.0,R,4176.0,R,4532.0,R,639.0,R,7.0,A,,A,,A,,A,,A,,R,2701,R,31,R,13865028,R,5133.0,R,2632,R,63,R,13805608,R,5245.0,R,69,R,2,R,59420,R,861.0,R,1874,R,22,R,9681940,R,5166.0,R,1848,R,44,R,9568949,R,5178.0,R,26,R,1,R,112991,R,4346.0,R,134,R,2,R,334564,R,2497.0,R,132,R,3,R,328872,R,2491.0,R,2,R,0,R,5692,R,2846.0,R,451.0,R,71.0,R,446.0,R,70.0,R,444.0,R,69.0,R,2914333.0,R,6564.0,R,412.0,R,64.0,R,2154768.0,R,5230.0,R,266.0,R,42.0,R,1815083.0,R,6824.0,R,146.0,R,23.0,R,339685.0,R,2327.0,R,177.0,R,28.0,R,420880.0,R,2378.0,R,145.0,R,23.0,R,338685.0,R,2336.0,R,4.0,R,1.0,R,22500.0,R,5625.0,R,3.0,R,0.0,R,7500.0,R,2500.0,R,1.0,R,0.0,R,15000.0,R,15000.0,2024
227368,R,27034,R,27020,R,14,R,4376,R,16,R,27034.0,R,27020.0,R,14.0,R,4376.0,R,16.0,A,,A,,A,,A,,A,,R,21756,R,80,R,201189491,R,9248.0,R,21756,R,81,R,201189491,R,9248.0,R,0,R,0,R,0,A,,R,17593,R,65,R,105652212,R,6005.0,R,17593,R,65,R,105652212,R,6005.0,R,0,R,0,R,0,A,,R,7076,R,26,R,35030117,R,4951.0,R,7076,R,26,R,35030117,R,4951.0,R,0,R,0,R,0,A,,R,4150.0,R,95.0,R,4137.0,R,95.0,R,4054.0,R,93.0,R,47280785.0,R,11663.0,R,3334.0,R,76.0,R,22523924.0,R,6756.0,R,3317.0,R,76.0,R,22282331.0,R,6718.0,R,126.0,R,3.0,R,241593.0,R,1917.0,R,3560.0,R,81.0,R,16817635.0,R,4724.0,R,2424.0,R,55.0,R,7939226.0,R,3275.0,R,609.0,R,14.0,R,2378402.0,R,3905.0,R,608.0,R,14.0,R,2367402.0,R,3894.0,R,1.0,R,0.0,R,11000.0,R,11000.0,2024
227377,R,8169,R,3431,R,4738,R,611,R,7,R,8169.0,R,3431.0,R,4738.0,R,611.0,R,7.0,A,,A,,A,,A,,A,,R,2556,R,31,R,15549544,R,6084.0,R,2544,R,74,R,15529835,R,6104.0,R,12,R,0,R,19709,R,1642.0,R,2322,R,28,R,12231103,R,5267.0,R,2312,R,67,R,12213461,R,5283.0,R,10,R,0,R,17642,R,1764.0,R,514,R,6,R,2359125,R,4590.0,R,514,R,15,R,2359125,R,4590.0,R,0,R,0,R,0,A,,R,553.0,R,91.0,R,542.0,R,89.0,R,518.0,R,85.0,R,4211005.0,R,8129.0,R,518.0,R,85.0,R,3499953.0,R,6757.0,R,503.0,R,82.0,R,3381453.0,R,6723.0,R,129.0,R,21.0,R,118500.0,R,919.0,R,255.0,R,42.0,R,711052.0,R,2788.0,R,0.0,R,0.0,R,0.0,A,,R,58.0,R,9.0,R,248248.0,R,4280.0,R,58.0,R,9.0,R,248248.0,R,4280.0,R,0.0,R,0.0,R,0.0,A,,2024
227386,R,2356,R,1378,R,978,R,319,R,14,R,2356.0,R,1378.0,R,978.0,R,319.0,R,14.0,A,,A,,A,,A,,A,,R,2039,R,87,R,8089492,R,3967.0,R,1065,R,77,R,6198096,R,5820.0,R,974,R,100,R,1891396,R,1942.0,R,725,R,31,R,3578782,R,4936.0,R,721,R,52,R,3574671,R,4958.0,R,4,R,0,R,4111,R,1028.0,R,173,R,7,R,846389,R,4892.0,R,173,R,13,R,846389,R,4892.0,R,0,R,0,R,0,A,,R,296.0,R,93.0,R,276.0,R,87.0,R,276.0,R,87.0,R,2055918.0,R,7449.0,R,195.0,R,61.0,R,1205432.0,R,6182.0,R,195.0,R,61.0,R,1183906.0,R,6071.0,R,18.0,R,6.0,R,21526.0,R,1196.0,R,90.0,R,28.0,R,212571.0,R,2362.0,R,188.0,R,59.0,R,637915.0,R,3393.0,R,32.0,R,10.0,R,131886.0,R,4121.0,R,32.0,R,10.0,R,131886.0,R,4121.0,R,0.0,R,0.0,R,0.0,A,,2024
227401,R,4456,R,2264,R,2192,R,439,R,10,R,4456.0,R,2264.0,R,2192.0,R,439.0,R,10.0,A,,A,,A,,A,,A,,R,1479,R,33,R,8663379,R,5858.0,R,1410,R,62,R,8579332,R,6085.0,R,69,R,3,R,84047,R,1218.0,R,1144,R,26,R,5776859,R,5050.0,R,1123,R,50,R,5715159,R,5089.0,R,21,R,1,R,61700,R,2938.0,R,106,R,2,R,553709,R,5224.0,R,106,R,5,R,553709,R,5224.0,R,0,R,0,R,0,A,,R,349.0,R,79.0,R,348.0,R,79.0,R,341.0,R,78.0,R,2590230.0,R,7596.0,R,271.0,R,62.0,R,1663802.0,R,6139.0,R,271.0,R,62.0,R,1661402.0,R,6131.0,R,5.0,R,1.0,R,2400.0,R,480.0,R,86.0,R,20.0,R,406371.0,R,4725.0,R,155.0,R,35.0,R,520057.0,R,3355.0,R,15.0,R,3.0,R,60500.0,R,4033.0,R,15.0,R,3.0,R,60500.0,R,4033.0,R,0.0,R,0.0,R,0.0,A,,2024
227526,R,8527,R,8527,R,0,R,1903,R,22,R,8527.0,R,8527.0,R,0.0,R,1903.0,R,22.0,A,,A,,A,,A,,A,,R,8129,R,95,R,74952337,R,9220.0,R,8129,R,95,R,74952337,R,9220.0,R,0,Z,0,R,0,A,,R,5594,R,66,R,32404081,R,5793.0,R,5594,R,66,R,32404081,R,5793.0,R,0,Z,0,R,0,A,,R,5808,R,68,R,37385640,R,6437.0,R,5808,R,68,R,37385640,R,6437.0,R,0,Z,0,R,0,A,,R,1667.0,R,88.0,R,1667.0,R,88.0,R,1560.0,R,82.0,R,24598969.0,R,15769.0,R,1560.0,R,82.0,R,8327198.0,R,5338.0,R,1332.0,R,70.0,R,7761733.0,R,5827.0,R,280.0,R,15.0,R,565465.0,R,2020.0,R,1212.0,R,64.0,R,8944669.0,R,7380.0,R,987.0,R,52.0,R,7327102.0,R,7424.0,R,1290.0,R,68.0,R,8131747.0,R,6304.0,R,1290.0,R,68.0,R,7040125.0,R,5457.0,R,63.0,R,3.0,R,1091622.0,R,17327.0,2024
227687,R,2498,R,935,R,1563,R,328,R,13,R,2498.0,R,935.0,R,1563.0,R,328.0,R,13.0,A,,A,,A,,A,,A,,R,1415,R,57,R,5240630,R,3704.0,R,622,R,67,R,2942798,R,4731.0,R,793,R,51,R,2297832,R,2898.0,R,419,R,17,R,2340689,R,5586.0,R,208,R,22,R,1228993,R,5909.0,R,211,R,13,R,1111696,R,5269.0,R,163,R,7,R,936785,R,5747.0,R,70,R,7,R,352824,R,5040.0,R,93,R,6,R,583961,R,6279.0,R,266.0,R,81.0,R,234.0,R,71.0,R,234.0,R,71.0,R,2047136.0,R,8748.0,R,147.0,R,45.0,R,925204.0,R,6294.0,R,147.0,R,45.0,R,865366.0,R,5887.0,R,34.0,R,10.0,R,59838.0,R,1760.0,R,55.0,R,17.0,R,227031.0,R,4128.0,R,125.0,R,38.0,R,894901.0,R,7159.0,R,49.0,R,15.0,R,286887.0,R,5855.0,R,46.0,R,14.0,R,225475.0,R,4902.0,R,7.0,R,2.0,R,61412.0,R,8773.0,2024
227854,R,14281,R,10772,R,3509,R,585,R,4,R,14281.0,R,10772.0,R,3509.0,R,585.0,R,4.0,A,,A,,A,,A,,A,,R,4667,R,33,R,22294410,R,4777.0,R,4331,R,40,R,20845586,R,4813.0,R,336,R,10,R,1448824,R,4312.0,R,3134,R,22,R,14417044,R,4600.0,R,2925,R,27,R,13474115,R,4607.0,R,209,R,6,R,942929,R,4512.0,R,385,R,3,R,2437047,R,6330.0,R,356,R,3,R,2261559,R,6353.0,R,29,R,1,R,175488,R,6051.0,R,541.0,R,92.0,R,541.0,R,92.0,R,538.0,R,92.0,R,3878026.0,R,7208.0,R,414.0,R,71.0,R,2591492.0,R,6260.0,R,412.0,R,70.0,R,2472139.0,R,6000.0,R,127.0,R,22.0,R,119353.0,R,940.0,R,358.0,R,61.0,R,1079345.0,R,3015.0,R,161.0,R,28.0,R,207189.0,R,1287.0,R,12.0,R,2.0,R,52899.0,R,4408.0,R,12.0,R,2.0,R,52899.0,R,4408.0,R,0.0,R,0.0,R,0.0,A,,2024
227881,R,18179,R,18138,R,41,R,3398,R,19,R,18179.0,R,18138.0,R,41.0,R,3398.0,R,19.0,A,,A,,A,,A,,A,,R,12451,R,68,R,108618918,R,8724.0,R,12451,R,69,R,108618918,R,8724.0,R,0,R,0,R,0,A,,R,7514,R,41,R,42098200,R,5603.0,R,7514,R,41,R,42098200,R,5603.0,R,0,R,0,R,0,A,,R,8299,R,46,R,56174931,R,6769.0,R,8299,R,46,R,56174931,R,6769.0,R,0,R,0,R,0,A,,R,2873.0,R,85.0,R,2686.0,R,79.0,R,2230.0,R,66.0,R,23792515.0,R,10669.0,R,1687.0,R,50.0,R,9884865.0,R,5859.0,R,1687.0,R,50.0,R,9806365.0,R,5813.0,R,62.0,R,2.0,R,78500.0,R,1266.0,R,1991.0,R,59.0,R,12370533.0,R,6213.0,R,288.0,R,8.0,R,1537117.0,R,5337.0,R,1836.0,R,54.0,R,10471734.0,R,5704.0,R,1834.0,R,54.0,R,10217106.0,R,5571.0,R,17.0,R,1.0,R,254628.0,R,14978.0,2024
227924,R,18975,R,16067,R,2908,R,1533,R,8,R,18975.0,R,16067.0,R,2908.0,R,1533.0,R,8.0,A,,A,,A,,A,,A,,R,9260,R,49,R,45119545,R,4873.0,R,8760,R,55,R,43040997,R,4913.0,R,500,R,17,R,2078548,R,4157.0,R,6502,R,34,R,31872898,R,4902.0,R,6175,R,38,R,30424461,R,4927.0,R,327,R,11,R,1448437,R,4429.0,R,903,R,5,R,5686982,R,6298.0,R,839,R,5,R,5274285,R,6286.0,R,64,R,2,R,412697,R,6448.0,R,1366.0,R,89.0,R,1366.0,R,89.0,R,1361.0,R,89.0,R,9404289.0,R,6910.0,R,1010.0,R,66.0,R,6354373.0,R,6291.0,R,1010.0,R,66.0,R,6218536.0,R,6157.0,R,153.0,R,10.0,R,135837.0,R,888.0,R,901.0,R,59.0,R,2677363.0,R,2972.0,R,337.0,R,22.0,R,372553.0,R,1105.0,R,43.0,R,3.0,R,228064.0,R,5304.0,R,43.0,R,3.0,R,228064.0,R,5304.0,R,0.0,R,0.0,R,0.0,A,,2024
227979,R,31494,R,23070,R,8424,R,4164,R,13,R,31494.0,R,23070.0,R,8424.0,R,4164.0,R,13.0,A,,A,,A,,A,,A,,R,17924,R,57,R,83439934,R,4655.0,R,10336,R,45,R,74488892,R,7207.0,R,7588,R,90,R,8951042,R,1180.0,R,10001,R,32,R,68487548,R,6848.0,R,9434,R,41,R,64954398,R,6885.0,R,567,R,7,R,3533150,R,6231.0,R,650,R,2,R,3983265,R,6128.0,R,604,R,3,R,3706828,R,6137.0,R,46,R,1,R,276437,R,6010.0,R,3391.0,R,81.0,R,2722.0,R,65.0,R,2701.0,R,65.0,R,23895726.0,R,8847.0,R,2539.0,R,61.0,R,20732208.0,R,8166.0,R,2538.0,R,61.0,R,20550097.0,R,8097.0,R,211.0,R,5.0,R,182111.0,R,863.0,R,1264.0,R,30.0,R,3048123.0,R,2411.0,R,53.0,R,1.0,R,115395.0,R,2177.0,R,64.0,R,2.0,R,409264.0,R,6395.0,R,64.0,R,2.0,R,399264.0,R,6239.0,R,2.0,R,0.0,R,10000.0,R,5000.0,2024
228158,R,8866,R,6124,R,2742,R,1043,R,12,R,8866.0,R,6124.0,R,2742.0,R,1043.0,R,12.0,A,,A,,A,,A,,A,,R,4289,R,48,R,35937579,R,8379.0,R,4181,R,68,R,35736472,R,8547.0,R,108,R,4,R,201107,R,1862.0,R,3410,R,38,R,16664349,R,4887.0,R,3410,R,56,R,16664349,R,4887.0,R,0,R,0,R,0,A,,R,1290,R,15,R,7199571,R,5581.0,R,1290,R,21,R,7199571,R,5581.0,R,0,R,0,R,0,A,,R,885.0,R,85.0,R,848.0,R,81.0,R,818.0,R,78.0,R,5819383.0,R,7114.0,R,703.0,R,67.0,R,4202088.0,R,5977.0,R,702.0,R,67.0,R,4056273.0,R,5778.0,R,265.0,R,25.0,R,145815.0,R,550.0,R,323.0,R,31.0,R,1265791.0,R,3919.0,R,145.0,R,14.0,R,351504.0,R,2424.0,R,212.0,R,20.0,R,1062366.0,R,5011.0,R,212.0,R,20.0,R,1062366.0,R,5011.0,Z,0.0,R,0.0,Z,0.0,A,,2024
228316,R,6579,R,3170,R,3409,R,718,R,11,R,6579.0,R,3170.0,R,3409.0,R,718.0,R,11.0,A,,A,,A,,A,,A,,R,2244,R,34,R,12433844,R,5541.0,R,2241,R,71,R,12426468,R,5545.0,R,3,R,0,R,7376,R,2459.0,R,2186,R,33,R,10727205,R,4907.0,R,2183,R,69,R,10720229,R,4911.0,R,3,R,0,R,6976,R,2325.0,R,151,R,2,R,849999,R,5629.0,R,151,R,5,R,849999,R,5629.0,R,0,R,0,R,0,A,,R,605.0,R,84.0,R,605.0,R,84.0,R,605.0,R,84.0,R,4341919.0,R,7177.0,R,597.0,R,83.0,R,3697084.0,R,6193.0,R,580.0,R,81.0,R,3511410.0,R,6054.0,R,202.0,R,28.0,R,185674.0,R,919.0,R,364.0,R,51.0,R,534750.0,R,1469.0,R,118.0,R,16.0,R,110085.0,R,933.0,R,26.0,R,4.0,R,128956.0,R,4960.0,R,26.0,R,4.0,R,128956.0,R,4960.0,R,0.0,R,0.0,R,0.0,A,,2024
228431,R,9555,R,8730,R,825,R,2042,R,21,R,9555.0,R,8730.0,R,825.0,R,2042.0,R,21.0,A,,A,,A,,A,,A,,R,6395,R,67,R,59728641,R,9340.0,R,6385,R,73,R,59684483,R,9348.0,R,10,R,1,R,44158,R,4416.0,R,3714,R,39,R,22830899,R,6147.0,R,3712,R,43,R,22367957,R,6026.0,R,2,R,0,R,462942,R,231471.0,R,3951,R,41,R,25804526,R,6531.0,R,3951,R,45,R,25804526,R,6531.0,R,0,R,0,R,0,A,,R,1858.0,R,91.0,R,1858.0,R,91.0,R,1693.0,R,83.0,R,18105212.0,R,10694.0,R,962.0,R,47.0,R,5993592.0,R,6230.0,R,958.0,R,47.0,R,5833448.0,R,6089.0,R,79.0,R,4.0,R,160144.0,R,2027.0,R,972.0,R,48.0,R,4461562.0,R,4590.0,R,1573.0,R,77.0,R,7650058.0,R,4863.0,R,961.0,R,47.0,R,6766326.0,R,7041.0,R,929.0,R,45.0,R,5065720.0,R,5453.0,R,113.0,R,6.0,R,1700606.0,R,15050.0,2024
228459,R,34547,R,34547,R,0,R,7668,R,22,R,34547.0,R,34547.0,R,0.0,R,7668.0,R,22.0,A,,A,,A,,A,,A,,R,20864,R,60,R,199024427,R,9539.0,R,20864,R,60,R,199024427,R,9539.0,R,0,Z,0,R,0,A,,R,12866,R,37,R,71521145,R,5559.0,R,12866,R,37,R,71521145,R,5559.0,R,0,Z,0,R,0,A,,R,14170,R,41,R,87400406,R,6168.0,R,14170,R,41,R,87400406,R,6168.0,R,0,Z,0,R,0,A,,R,6645.0,R,87.0,R,6511.0,R,85.0,R,5791.0,R,76.0,R,72712273.0,R,12556.0,R,3432.0,R,45.0,R,20342498.0,R,5927.0,R,3431.0,R,45.0,R,20152419.0,R,5874.0,R,100.0,R,1.0,R,190079.0,R,1901.0,R,4152.0,R,54.0,R,31134228.0,R,7499.0,R,3119.0,R,41.0,R,21235547.0,R,6808.0,R,3702.0,R,48.0,R,24785047.0,R,6695.0,R,3552.0,R,46.0,R,18468508.0,R,5199.0,R,442.0,R,6.0,R,6316539.0,R,14291.0,2024
228501,R,1441,R,1436,R,5,R,216,R,15,R,1441.0,R,1436.0,R,5.0,R,216.0,R,15.0,A,,A,,A,,A,,A,,R,1046,R,73,R,8555110,R,8179.0,R,1046,R,73,R,8555110,R,8179.0,R,0,R,0,R,0,A,,R,832,R,58,R,4519983,R,5433.0,R,832,R,58,R,4519983,R,5433.0,R,0,R,0,R,0,A,,R,584,R,41,R,3646541,R,6244.0,R,584,R,41,R,3646541,R,6244.0,R,0,R,0,R,0,A,,R,199.0,R,92.0,R,198.0,R,92.0,R,166.0,R,77.0,R,1789600.0,R,10781.0,R,134.0,R,62.0,R,785273.0,R,5860.0,R,134.0,R,62.0,R,743534.0,R,5549.0,R,29.0,R,13.0,R,41739.0,R,1439.0,R,117.0,R,54.0,R,493712.0,R,4220.0,R,154.0,R,71.0,R,510615.0,R,3316.0,R,114.0,R,53.0,R,592930.0,R,5201.0,R,109.0,R,50.0,R,474220.0,R,4351.0,R,10.0,R,5.0,R,118710.0,R,11871.0,2024
228529,R,13688,R,12263,R,1425,R,2655,R,19,R,13688.0,R,12263.0,R,1425.0,R,2655.0,R,19.0,A,,A,,A,,A,,A,,R,9304,R,68,R,76516838,R,8224.0,R,9304,R,76,R,76516838,R,8224.0,R,0,R,0,R,0,A,,R,4709,R,34,R,31785731,R,6750.0,R,4709,R,38,R,31785731,R,6750.0,R,0,R,0,R,0,A,,R,5481,R,40,R,49153615,R,8968.0,R,5481,R,45,R,49153615,R,8968.0,R,0,R,0,R,0,A,,R,2577.0,R,97.0,R,2560.0,R,96.0,R,2417.0,R,91.0,R,19164937.0,R,7929.0,R,1029.0,R,39.0,R,7082144.0,R,6883.0,R,1020.0,R,38.0,R,6865870.0,R,6731.0,R,438.0,R,16.0,R,216274.0,R,494.0,R,1301.0,R,49.0,R,5868166.0,R,4511.0,R,2256.0,R,85.0,R,6214627.0,R,2755.0,R,1341.0,R,51.0,R,13059214.0,R,9738.0,R,1265.0,R,48.0,R,9431204.0,R,7455.0,R,252.0,R,9.0,R,3628010.0,R,14397.0,2024
228547,R,41472,R,40214,R,1258,R,1935,R,5,R,41472.0,R,40214.0,R,1258.0,R,1935.0,R,5.0,A,,A,,A,,A,,A,,R,14372,R,35,R,81052078,R,5640.0,R,14007,R,35,R,78946622,R,5636.0,R,365,R,29,R,2105456,R,5768.0,R,11362,R,27,R,49899071,R,4392.0,R,11058,R,27,R,48611721,R,4396.0,R,304,R,24,R,1287350,R,4235.0,R,3070,R,7,R,15989791,R,5208.0,R,2988,R,7,R,15550400,R,5204.0,R,82,R,7,R,439391,R,5358.0,R,1295.0,R,67.0,R,1221.0,R,63.0,R,1190.0,R,61.0,R,8127960.0,R,6830.0,R,1132.0,R,59.0,R,5921143.0,R,5231.0,R,1000.0,R,52.0,R,5781459.0,R,5781.0,R,227.0,R,12.0,R,139684.0,R,615.0,R,345.0,R,18.0,R,1001978.0,R,2904.0,R,409.0,R,21.0,R,1204839.0,R,2946.0,R,100.0,R,5.0,R,465566.0,R,4656.0,R,99.0,R,5.0,R,462566.0,R,4672.0,R,1.0,R,0.0,R,3000.0,R,3000.0,2024
228608,R,4732,R,3213,R,1519,R,367,R,8,R,4732.0,R,3213.0,R,1519.0,R,367.0,R,8.0,A,,A,,A,,A,,A,,R,2893,R,61,R,12715523,R,4395.0,R,2884,R,90,R,12712523,R,4408.0,R,9,R,1,R,3000,R,333.0,R,1644,R,35,R,9757165,R,5935.0,R,1644,R,51,R,9757165,R,5935.0,R,0,R,0,R,0,A,,R,994,R,21,R,6613399,R,6653.0,R,994,R,31,R,6613399,R,6653.0,R,0,R,0,R,0,A,,R,340.0,R,93.0,R,229.0,R,62.0,R,229.0,R,62.0,R,1492627.0,R,6518.0,R,184.0,R,50.0,R,992531.0,R,5394.0,R,170.0,R,46.0,R,987781.0,R,5810.0,R,14.0,R,4.0,R,4750.0,R,339.0,R,60.0,R,16.0,R,144775.0,R,2413.0,R,106.0,R,29.0,R,355321.0,R,3352.0,R,112.0,R,31.0,R,524189.0,R,4680.0,R,112.0,R,31.0,R,524189.0,R,4680.0,R,0.0,R,0.0,R,0.0,A,,2024
228644,R,864,R,864,R,0,R,0,R,0,R,864.0,R,864.0,R,0.0,R,0.0,R,0.0,A,,A,,A,,A,,A,,R,609,R,70,R,3570771,R,5863.0,R,609,R,70,R,3570771,R,5863.0,R,0,Z,0,R,0,A,,R,288,R,33,R,1460314,R,5071.0,R,288,R,33,R,1460314,R,5071.0,R,0,Z,0,R,0,A,,R,450,R,52,R,3516604,R,7815.0,R,450,R,52,R,3516604,R,7815.0,R,0,Z,0,R,0,A,,A,,A,,A,,A,,A,,A,,A,,A,,A,,A,,A,,A,,A,,A,,A,,A,,A,,A,,A,,A,,A,,A,,A,,A,,A,,A,,A,,A,,A,,A,,A,,A,,A,,A,,A,,A,,A,,A,,A,,A,,2024
228653,R,559,R,559,R,0,R,0,R,0,R,559.0,R,559.0,R,0.0,R,0.0,R,0.0,A,,A,,A,,A,,A,,R,437,R,78,R,1491446,R,3413.0,R,437,R,78,R,1491446,R,3413.0,R,0,Z,0,R,0,A,,R,188,R,34,R,1016934,R,5409.0,R,188,R,34,R,1016934,R,5409.0,R,0,Z,0,R,0,A,,R,347,R,62,R,3128275,R,9015.0,R,347,R,62,R,3128275,R,9015.0,R,0,Z,0,R,0,A,,A,,A,,A,,A,,A,,A,,A,,A,,A,,A,,A,,A,,A,,A,,A,,A,,A,,A,,A,,A,,A,,A,,A,,A,,A,,A,,A,,A,,A,,A,,A,,A,,A,,A,,A,,A,,A,,A,,A,,A,,2024
228699,R,3882,R,1609,R,2273,R,244,R,6,R,3882.0,R,1609.0,R,2273.0,R,244.0,R,6.0,A,,A,,A,,A,,A,,R,1141,R,29,R,5834828,R,5114.0,R,1132,R,70,R,5805095,R,5128.0,R,9,R,0,R,29733,R,3304.0,R,1021,R,26,R,5038927,R,4935.0,R,1012,R,63,R,5011194,R,4952.0,R,9,R,0,R,27733,R,3081.0,R,285,R,7,R,1622405,R,5693.0,R,282,R,18,R,1610745,R,5712.0,R,3,R,0,R,11660,R,3887.0,R,200.0,R,82.0,R,194.0,R,80.0,R,191.0,R,78.0,R,1273523.0,R,6668.0,R,156.0,R,64.0,R,1025045.0,R,6571.0,R,156.0,R,64.0,R,1011045.0,R,6481.0,R,23.0,R,9.0,R,14000.0,R,609.0,R,26.0,R,11.0,R,76920.0,R,2958.0,R,73.0,R,30.0,R,171558.0,R,2350.0,R,24.0,R,10.0,R,126354.0,R,5265.0,R,24.0,R,10.0,R,126354.0,R,5265.0,R,0.0,R,0.0,R,0.0,A,,2024
228705,R,5187,R,4622,R,565,R,1173,R,23,R,5187.0,R,4622.0,R,565.0,R,1173.0,R,23.0,A,,A,,A,,A,,A,,R,3822,R,74,R,39132285,R,10239.0,R,3817,R,83,R,39124794,R,10250.0,R,5,R,1,R,7491,R,1498.0,R,2735,R,53,R,16279196,R,5952.0,R,2735,R,59,R,16279196,R,5952.0,R,0,R,0,R,0,A,,R,1975,R,38,R,13546798,R,6859.0,R,1975,R,43,R,13546798,R,6859.0,R,0,R,0,R,0,A,,R,1126.0,R,96.0,C,1126.0,C,96.0,C,1126.0,C,96.0,R,12569453.0,C,11163.0,R,788.0,R,67.0,R,5164822.0,R,6554.0,R,788.0,R,67.0,R,4869322.0,R,6179.0,R,249.0,R,21.0,R,295500.0,R,1187.0,R,828.0,R,71.0,R,4039704.0,R,4879.0,R,903.0,R,77.0,R,3364927.0,R,3726.0,R,542.0,R,46.0,R,3321347.0,R,6128.0,R,535.0,R,46.0,R,3161208.0,R,5909.0,R,21.0,R,2.0,R,160139.0,R,7626.0,2024
228723,R,59933,R,59099,R,834,R,12055,R,20,R,59933.0,R,59099.0,R,834.0,R,12055.0,R,20.0,A,,A,,A,,A,,A,,R,33750,R,56,R,392880491,R,11641.0,R,33657,R,57,R,392043263,R,11648.0,R,93,R,11,R,837228,R,9002.0,R,11769,R,20,R,66581763,R,5657.0,R,11738,R,20,R,66455147,R,5662.0,R,31,R,4,R,126616,R,4084.0,R,15374,R,26,R,92338322,R,6006.0,R,15356,R,26,R,92232017,R,6006.0,R,18,R,2,R,106305,R,5906.0,R,8939.0,R,74.0,R,7767.0,R,64.0,R,6735.0,R,56.0,R,84728561.0,R,12580.0,R,2659.0,R,22.0,R,16604888.0,R,6245.0,R,2635.0,R,22.0,R,15756924.0,R,5980.0,R,976.0,R,8.0,R,847964.0,R,869.0,R,2668.0,R,22.0,R,16907745.0,R,6337.0,R,6449.0,R,53.0,R,51215928.0,R,7942.0,R,3433.0,R,28.0,R,29812729.0,R,8684.0,R,3237.0,R,27.0,R,16149561.0,R,4989.0,R,736.0,R,6.0,R,13663168.0,R,18564.0,2024
228769,R,31112,R,30834,R,278,R,4706,R,15,R,31112.0,R,30834.0,R,278.0,R,4706.0,R,15.0,A,,A,,A,,A,,A,,R,20531,R,66,R,201310829,R,9805.0,R,20526,R,67,R,201301664,R,9807.0,R,5,R,2,R,9165,R,1833.0,R,13161,R,42,R,72112696,R,5479.0,R,13161,R,43,R,72112696,R,5479.0,R,0,R,0,R,0,A,,R,9706,R,31,R,64357105,R,6631.0,R,9706,R,31,R,64357105,R,6631.0,R,0,R,0,R,0,A,,R,4326.0,R,92.0,R,4272.0,R,91.0,R,4158.0,R,88.0,R,50422313.0,R,12127.0,R,2616.0,R,56.0,R,15831026.0,R,6052.0,R,2614.0,R,56.0,R,14901092.0,R,5700.0,R,637.0,R,14.0,R,929934.0,R,1460.0,R,2078.0,R,44.0,R,13697017.0,R,6591.0,R,3540.0,R,75.0,R,20894270.0,R,5902.0,R,1320.0,R,28.0,R,7497502.0,R,5680.0,R,1289.0,R,27.0,R,6272773.0,R,4866.0,R,94.0,R,2.0,R,1224729.0,R,13029.0,2024
228778,R,42444,R,42100,R,344,R,9230,R,22,R,42444.0,R,42100.0,R,344.0,R,9230.0,R,22.0,A,,A,,A,,A,,A,,R,21093,R,50,R,264684846,R,12548.0,R,21013,R,50,R,264211081,R,12574.0,R,80,R,23,R,473765,R,5922.0,R,10970,R,26,R,62665220,R,5712.0,R,10969,R,26,R,62661175,R,5713.0,R,1,R,0,R,4045,R,4045.0,R,11576,R,27,R,70005182,R,6047.0,R,11552,R,27,R,69836655,R,6045.0,R,24,R,7,R,168527,R,7022.0,R,6045.0,R,65.0,R,4790.0,R,52.0,R,3892.0,R,42.0,R,53247860.0,R,13681.0,R,2365.0,R,26.0,R,14246730.0,R,6024.0,R,2365.0,R,26.0,R,14196652.0,R,6003.0,R,30.0,R,0.0,R,50078.0,R,1669.0,R,2724.0,R,30.0,R,19807486.0,R,7271.0,R,3418.0,R,37.0,R,19193644.0,R,5615.0,R,2502.0,R,27.0,R,15176616.0,R,6066.0,R,2462.0,R,27.0,R,12352455.0,R,5017.0,R,160.0,R,2.0,R,2824161.0,R,17651.0,2024
228787,R,21404,R,21319,R,85,R,4001,R,19,R,21404.0,R,21319.0,R,85.0,R,4001.0,R,19.0,A,,A,,A,,A,,A,,R,13306,R,62,R,167998284,R,12626.0,R,13305,R,62,R,167996384,R,12627.0,R,1,R,1,R,1900,R,1900.0,R,6415,R,30,R,34528263,R,5382.0,R,6415,R,30,R,34528263,R,5382.0,R,0,R,0,R,0,A,,R,7080,R,33,R,55035418,R,7773.0,R,7079,R,33,R,55029918,R,7774.0,R,1,R,1,R,5500,R,5500.0,R,2966.0,R,74.0,R,2931.0,R,73.0,R,2573.0,R,64.0,R,38360854.0,R,14909.0,R,1080.0,R,27.0,R,6529510.0,R,6046.0,R,1080.0,R,27.0,R,6345751.0,R,5876.0,R,485.0,R,12.0,R,183759.0,R,379.0,R,1314.0,R,33.0,R,11132135.0,R,8472.0,R,2467.0,R,62.0,R,20699209.0,R,8390.0,R,1170.0,R,29.0,R,8875064.0,R,7586.0,R,1140.0,R,28.0,R,5744379.0,R,5039.0,R,182.0,R,5.0,R,3130685.0,R,17202.0,2024
228796,R,20609,R,20547,R,62,R,3125,R,15,R,20609.0,R,20547.0,R,62.0,R,3125.0,R,15.0,A,,A,,A,,A,,A,,R,15004,R,73,R,132440699,R,8827.0,R,14997,R,73,R,132412956,R,8829.0,R,7,R,11,R,27743,R,3963.0,R,12697,R,62,R,72932641,R,5744.0,R,12691,R,62,R,72913692,R,5745.0,R,6,R,10,R,18949,R,3158.0,R,5513,R,27,R,36507962,R,6622.0,R,5512,R,27,R,36496862,R,6621.0,R,1,R,2,R,11100,R,11100.0,R,2765.0,R,88.0,R,2764.0,R,88.0,R,2571.0,R,82.0,R,27176959.0,R,10571.0,R,2176.0,R,70.0,R,13725645.0,R,6308.0,R,2176.0,R,70.0,R,13649351.0,R,6273.0,R,78.0,R,2.0,R,76294.0,R,978.0,R,2142.0,R,69.0,R,10793306.0,R,5039.0,R,957.0,R,31.0,R,2658008.0,R,2777.0,R,534.0,R,17.0,R,2671620.0,R,5003.0,R,529.0,R,17.0,R,2517403.0,R,4759.0,R,17.0,R,1.0,R,154217.0,R,9072.0,2024
228802,R,7287,R,7009,R,278,R,1098,R,15,R,7287.0,R,7009.0,R,278.0,R,1098.0,R,15.0,A,,A,,A,,A,,A,,R,4961,R,68,R,44022571,R,8874.0,R,4960,R,71,R,44019463,R,8875.0,R,1,R,0,R,3108,R,3108.0,R,2896,R,40,R,16752304,R,5785.0,R,2896,R,41,R,16752304,R,5785.0,R,0,R,0,R,0,A,,R,2331,R,32,R,16056918,R,6888.0,R,2331,R,33,R,16056918,R,6888.0,R,0,R,0,R,0,A,,R,992.0,R,90.0,R,969.0,R,88.0,R,903.0,R,82.0,R,9879789.0,R,10941.0,R,518.0,R,47.0,R,3318686.0,R,6407.0,R,517.0,R,47.0,R,3185624.0,R,6162.0,R,63.0,R,6.0,R,133062.0,R,2112.0,R,378.0,R,34.0,R,2224993.0,R,5886.0,R,722.0,R,66.0,R,4336110.0,R,6006.0,R,312.0,R,28.0,R,1944844.0,R,6233.0,R,295.0,R,27.0,R,1529355.0,R,5184.0,R,29.0,R,3.0,R,415489.0,R,14327.0,2024
228909,R,17,R,17,R,0,R,0,R,0,R,17.0,R,17.0,R,0.0,R,0.0,R,0.0,A,,A,,A,,A,,A,,R,12,R,71,R,93531,R,7794.0,R,12,R,71,R,93531,R,7794.0,R,0,Z,0,R,0,A,,R,2,R,12,R,10617,R,5309.0,R,2,R,12,R,10617,R,5309.0,R,0,Z,0,R,0,A,,R,9,R,53,R,90060,R,10007.0,R,9,R,53,R,90060,R,10007.0,R,0,Z,0,R,0,A,,A,,A,,A,,A,,A,,A,,A,,A,,A,,A,,A,,A,,A,,A,,A,,A,,A,,A,,A,,A,,A,,A,,A,,A,,A,,A,,A,,A,,A,,A,,A,,A,,A,,A,,A,,A,,A,,A,,A,,A,,2024
229018,R,4583,R,4053,R,530,R,626,R,14,R,4583.0,R,4053.0,R,530.0,R,626.0,R,14.0,A,,A,,A,,A,,A,,R,2974,R,65,R,25138355,R,8453.0,R,2971,R,73,R,25126654,R,8457.0,R,3,R,1,R,11701,R,3900.0,R,1773,R,39,R,9308676,R,5250.0,R,1773,R,44,R,9308676,R,5250.0,R,0,R,0,R,0,A,,R,1330,R,29,R,1114144,R,838.0,R,1330,R,33,R,1114144,R,838.0,R,0,R,0,R,0,A,,R,613.0,R,98.0,R,612.0,R,98.0,R,605.0,R,97.0,R,5607697.0,R,9269.0,R,317.0,R,51.0,R,1580743.0,R,4987.0,R,307.0,R,49.0,R,1566518.0,R,5103.0,R,11.0,R,2.0,R,14225.0,R,1293.0,R,324.0,R,52.0,R,1818756.0,R,5613.0,R,562.0,R,90.0,R,2208198.0,R,3929.0,R,140.0,R,22.0,R,779177.0,R,5566.0,R,139.0,R,22.0,R,695231.0,R,5002.0,R,7.0,R,1.0,R,83946.0,R,11992.0,2024
229027,R,30310,R,29675,R,635,R,4872,R,16,R,30310.0,R,29675.0,R,635.0,R,4872.0,R,16.0,A,,A,,A,,A,,A,,R,21387,R,71,R,189553941,R,8863.0,R,21006,R,71,R,188237755,R,8961.0,R,381,R,60,R,1316186,R,3455.0,R,13355,R,44,R,70465645,R,5276.0,R,13354,R,45,R,70458250,R,5276.0,R,1,R,0,R,7395,R,7395.0,R,11930,R,39,R,77866015,R,6527.0,R,11868,R,40,R,77327268,R,6516.0,R,62,R,10,R,538747,R,8689.0,R,4203.0,R,86.0,R,4000.0,R,82.0,R,3706.0,R,76.0,R,41996906.0,R,11332.0,R,2634.0,R,54.0,R,15930092.0,R,6048.0,R,2634.0,R,54.0,R,15631397.0,R,5934.0,R,157.0,R,3.0,R,298695.0,R,1903.0,R,1895.0,R,39.0,R,9291157.0,R,4903.0,R,3095.0,R,64.0,R,16775657.0,R,5420.0,R,1801.0,R,37.0,R,9229048.0,R,5124.0,R,1801.0,R,37.0,R,8892603.0,R,4938.0,R,26.0,R,1.0,R,336445.0,R,12940.0,2024
229063,R,6619,R,6619,R,0,R,1536,R,23,R,6619.0,R,6619.0,R,0.0,R,1536.0,R,23.0,A,,A,,A,,A,,A,,R,5740,R,87,R,47028172,R,8193.0,R,5740,R,87,R,47028172,R,8193.0,R,0,Z,0,R,0,A,,R,4783,R,72,R,27751942,R,5802.0,R,4783,R,72,R,27751942,R,5802.0,R,0,Z,0,R,0,A,,R,4464,R,67,R,30482273,R,6828.0,R,4464,R,67,R,30482273,R,6828.0,R,0,Z,0,R,0,A,,R,1488.0,R,97.0,R,1488.0,R,97.0,R,1458.0,R,95.0,R,14321889.0,R,9823.0,R,1224.0,R,80.0,R,7883736.0,R,6441.0,R,1224.0,R,80.0,R,7628881.0,R,6233.0,R,189.0,R,12.0,R,254855.0,R,1348.0,R,1164.0,R,76.0,R,3931889.0,R,3378.0,R,1066.0,R,69.0,R,2506264.0,R,2351.0,R,1097.0,R,71.0,R,7321470.0,R,6674.0,R,1089.0,R,71.0,R,6687874.0,R,6141.0,R,43.0,R,3.0,R,633596.0,R,14735.0,2024
229115,R,32635,R,32446,R,189,R,7120,R,22,R,32635.0,R,32446.0,R,189.0,R,7120.0,R,22.0,A,,A,,A,,A,,A,,R,22737,R,70,R,233360182,R,10263.0,R,22614,R,70,R,232794267,R,10294.0,R,123,R,65,R,565915,R,4601.0,R,9057,R,28,R,53010476,R,5853.0,R,9057,R,28,R,53010476,R,5853.0,R,0,R,0,R,0,A,,R,13410,R,41,R,85162035,R,6351.0,R,13410,R,41,R,85162035,R,6351.0,R,0,R,0,R,0,A,,R,6394.0,R,90.0,R,6233.0,R,88.0,R,5637.0,R,79.0,R,59157415.0,R,10494.0,R,2228.0,R,31.0,R,13385528.0,R,6008.0,R,2227.0,R,31.0,R,13029758.0,R,5851.0,R,197.0,R,3.0,R,355770.0,R,1806.0,R,1524.0,R,21.0,R,7340703.0,R,4817.0,R,5376.0,R,76.0,R,38431184.0,R,7149.0,R,2989.0,R,42.0,R,25599795.0,R,8565.0,R,2834.0,R,40.0,R,14902609.0,R,5259.0,R,705.0,R,10.0,R,10697186.0,R,15173.0,2024
229179,R,10274,R,8794,R,1480,R,1440,R,14,R,10274.0,R,8794.0,R,1480.0,R,1440.0,R,14.0,A,,A,,A,,A,,A,,R,6691,R,65,R,58894807,R,8802.0,R,6691,R,76,R,58894807,R,8802.0,R,0,R,0,R,0,A,,R,4316,R,42,R,24067565,R,5576.0,R,4316,R,49,R,24067565,R,5576.0,R,0,R,0,R,0,A,,R,3900,R,38,R,25951061,R,6654.0,R,3900,R,44,R,25951061,R,6654.0,R,0,R,0,R,0,A,,R,1356.0,R,94.0,R,1345.0,R,93.0,R,1267.0,R,88.0,R,13061622.0,R,10309.0,R,866.0,R,60.0,R,4974111.0,R,5744.0,R,866.0,R,60.0,R,4948840.0,R,5715.0,R,31.0,R,2.0,R,25271.0,R,815.0,R,656.0,R,46.0,R,3344664.0,R,5099.0,R,995.0,R,69.0,R,4742847.0,R,4767.0,R,733.0,R,51.0,R,4554309.0,R,6213.0,R,721.0,R,50.0,R,3778336.0,R,5240.0,R,62.0,R,4.0,R,775973.0,R,12516.0,2024
229300,R,460,R,460,R,0,R,0,R,0,R,460.0,R,460.0,R,0.0,R,0.0,R,0.0,A,,A,,A,,A,,A,,R,377,R,82,R,2670027,R,7082.0,R,377,R,82,R,2670027,R,7082.0,R,0,Z,0,R,0,A,,R,234,R,51,R,1328612,R,5678.0,R,234,R,51,R,1328612,R,5678.0,R,0,Z,0,R,0,A,,R,329,R,72,R,2597268,R,7894.0,R,329,R,72,R,2597268,R,7894.0,R,0,Z,0,R,0,A,,A,,A,,A,,A,,A,,A,,A,,A,,A,,A,,A,,A,,A,,A,,A,,A,,A,,A,,A,,A,,A,,A,,A,,A,,A,,A,,A,,A,,A,,A,,A,,A,,A,,A,,A,,A,,A,,A,,A,,A,,2024
229337,R,1374,R,1374,R,0,R,0,R,0,R,1374.0,R,1374.0,R,0.0,R,0.0,R,0.0,A,,A,,A,,A,,A,,R,645,R,47,R,3943113,R,6113.0,R,645,R,47,R,3943113,R,6113.0,R,0,Z,0,R,0,A,,R,365,R,27,R,2179628,R,5972.0,R,365,R,27,R,2179628,R,5972.0,R,0,Z,0,R,0,A,,R,596,R,43,R,4669924,R,7835.0,R,596,R,43,R,4669924,R,7835.0,R,0,Z,0,R,0,A,,A,,A,,A,,A,,A,,A,,A,,A,,A,,A,,A,,A,,A,,A,,A,,A,,A,,A,,A,,A,,A,,A,,A,,A,,A,,A,,A,,A,,A,,A,,A,,A,,A,,A,,A,,A,,A,,A,,A,,A,,2024
229355,R,11977,R,9064,R,2913,R,2177,R,18,R,11977.0,R,9064.0,R,2913.0,R,2177.0,R,18.0,A,,A,,A,,A,,A,,R,5276,R,44,R,32450143,R,6151.0,R,5243,R,58,R,32421010,R,6184.0,R,33,R,1,R,29133,R,883.0,R,4280,R,36,R,23439130,R,5476.0,R,4274,R,47,R,23418742,R,5479.0,R,6,R,0,R,20388,R,3398.0,R,2266,R,19,R,12745303,R,5625.0,R,2265,R,25,R,12734803,R,5622.0,R,1,R,0,R,10500,R,10500.0,R,1718.0,R,79.0,R,1718.0,R,79.0,R,1583.0,R,73.0,R,11312109.0,R,7146.0,R,1182.0,R,54.0,R,7704795.0,R,6518.0,R,1181.0,R,54.0,R,7637249.0,R,6467.0,R,80.0,R,4.0,R,67546.0,R,844.0,R,241.0,R,11.0,R,981695.0,R,4073.0,R,622.0,R,29.0,R,2625619.0,R,4221.0,R,581.0,R,27.0,R,2910894.0,R,5010.0,R,581.0,R,27.0,R,2910894.0,R,5010.0,R,0.0,R,0.0,R,0.0,A,,2024
229504,R,2136,R,1656,R,480,R,237,R,11,R,2136.0,R,1656.0,R,480.0,R,237.0,R,11.0,A,,A,,A,,A,,A,,R,1473,R,69,R,9260477,R,6287.0,R,1473,R,89,R,9260477,R,6287.0,R,0,R,0,R,0,A,,R,892,R,42,R,6333753,R,7101.0,R,892,R,54,R,6333753,R,7101.0,R,0,R,0,R,0,A,,R,639,R,30,R,3693480,R,5780.0,R,639,R,39,R,3693480,R,5780.0,R,0,R,0,R,0,A,,R,225.0,R,95.0,R,223.0,R,94.0,R,223.0,R,94.0,R,1872795.0,R,8398.0,R,171.0,R,72.0,R,1207125.0,R,7059.0,R,171.0,R,72.0,R,1185125.0,R,6931.0,R,22.0,R,9.0,R,22000.0,R,1000.0,R,54.0,R,23.0,R,172961.0,R,3203.0,R,162.0,R,68.0,R,492709.0,R,3041.0,R,98.0,R,41.0,R,458583.0,R,4679.0,R,98.0,R,41.0,R,458583.0,R,4679.0,R,0.0,R,0.0,R,0.0,A,,2024
229540,R,3214,R,2388,R,826,R,309,R,10,R,3214.0,R,2388.0,R,826.0,R,309.0,R,10.0,A,,A,,A,,A,,A,,R,1924,R,60,R,6197369,R,3221.0,R,1499,R,63,R,6074788,R,4053.0,R,425,R,51,R,122581,R,288.0,R,1173,R,36,R,4722018,R,4026.0,R,1173,R,49,R,4722018,R,4026.0,R,0,R,0,R,0,A,,R,229,R,7,R,1105210,R,4826.0,R,229,R,10,R,1105210,R,4826.0,R,0,R,0,R,0,A,,R,244.0,R,79.0,R,223.0,R,72.0,R,219.0,R,71.0,R,1236972.0,R,5648.0,R,176.0,R,57.0,R,1000313.0,R,5684.0,R,174.0,R,56.0,R,992504.0,R,5704.0,R,13.0,R,4.0,R,7809.0,R,601.0,R,45.0,R,15.0,R,144934.0,R,3221.0,R,91.0,R,29.0,R,91725.0,R,1008.0,R,12.0,R,4.0,R,60890.0,R,5074.0,R,12.0,R,4.0,R,60890.0,R,5074.0,R,0.0,R,0.0,R,0.0,A,,2024
229799,R,5440,R,3961,R,1479,R,361,R,7,R,5440.0,R,3961.0,R,1479.0,R,361.0,R,7.0,A,,A,,A,,A,,A,,R,2620,R,48,R,17072094,R,6516.0,R,2186,R,55,R,13537870,R,6193.0,R,434,R,29,R,3534224,R,8143.0,R,1389,R,26,R,8697799,R,6262.0,R,1193,R,30,R,7455993,R,6250.0,R,196,R,13,R,1241806,R,6336.0,R,830,R,15,R,5211545,R,6279.0,R,738,R,19,R,4715321,R,6389.0,R,92,R,6,R,496224,R,5394.0,R,253.0,R,70.0,R,226.0,R,63.0,R,226.0,R,63.0,R,1965635.0,R,8698.0,R,166.0,R,46.0,R,936029.0,R,5639.0,R,148.0,R,41.0,R,917604.0,R,6200.0,R,18.0,R,5.0,R,18425.0,R,1024.0,R,30.0,R,8.0,R,119998.0,R,4000.0,R,131.0,R,36.0,R,909608.0,R,6944.0,R,66.0,R,18.0,R,384982.0,R,5833.0,R,63.0,R,17.0,R,321285.0,R,5100.0,R,9.0,R,2.0,R,63697.0,R,7077.0,2024
229814,R,6786,R,6764,R,22,R,1243,R,18,R,6786.0,R,6764.0,R,22.0,R,1243.0,R,18.0,A,,A,,A,,A,,A,,R,4987,R,73,R,42072324,R,8436.0,R,4985,R,74,R,42069324,R,8439.0,R,2,R,9,R,3000,R,1500.0,R,2790,R,41,R,16236064,R,5819.0,R,2790,R,41,R,16236064,R,5819.0,R,0,R,0,R,0,A,,R,2465,R,36,R,19497800,R,7910.0,R,2465,R,36,R,19497800,R,7910.0,R,0,R,0,R,0,A,,R,1170.0,R,94.0,R,1169.0,R,94.0,R,1144.0,R,92.0,R,8663969.0,R,7573.0,R,542.0,R,44.0,R,2985346.0,R,5508.0,R,542.0,R,44.0,R,2961096.0,R,5463.0,R,14.0,R,1.0,R,24250.0,R,1732.0,R,640.0,R,51.0,R,3544216.0,R,5538.0,R,727.0,R,58.0,R,2134407.0,R,2936.0,R,495.0,R,40.0,R,3398619.0,R,6866.0,R,484.0,R,39.0,R,2874914.0,R,5940.0,R,49.0,R,4.0,R,523705.0,R,10688.0,2024
229832,R,1441,R,505,R,936,R,159,R,11,R,1441.0,R,505.0,R,936.0,R,159.0,R,11.0,A,,A,,A,,A,,A,,R,350,R,24,R,2380498,R,6801.0,R,297,R,59,R,2124164,R,7152.0,R,53,R,6,R,256334,R,4836.0,R,143,R,10,R,844239,R,5904.0,R,143,R,28,R,844239,R,5904.0,R,0,R,0,R,0,A,,R,21,R,1,R,104127,R,4958.0,R,21,R,4,R,104127,R,4958.0,R,0,R,0,R,0,A,,R,101.0,R,64.0,R,101.0,R,64.0,R,101.0,R,64.0,R,747315.0,R,7399.0,R,47.0,R,30.0,R,279803.0,R,5953.0,R,43.0,R,27.0,R,266339.0,R,6194.0,R,13.0,R,8.0,R,13464.0,R,1036.0,R,32.0,R,20.0,R,118414.0,R,3700.0,R,76.0,R,48.0,R,349098.0,R,4593.0,R,3.0,R,2.0,R,7722.0,R,2574.0,R,3.0,R,2.0,R,7722.0,R,2574.0,R,0.0,R,0.0,R,0.0,A,,2024
229841,R,5687,R,4832,R,855,R,918,R,16,R,5687.0,R,4832.0,R,855.0,R,918.0,R,16.0,A,,A,,A,,A,,A,,R,2239,R,39,R,12494606,R,5580.0,R,1938,R,40,R,12313701,R,6354.0,R,301,R,35,R,180905,R,601.0,R,1557,R,27,R,9298251,R,5972.0,R,1557,R,32,R,9298251,R,5972.0,R,0,R,0,R,0,A,,R,924,R,16,R,4585698,R,4963.0,R,924,R,19,R,4585698,R,4963.0,R,0,R,0,R,0,A,,R,649.0,R,71.0,R,636.0,R,69.0,R,535.0,R,58.0,R,4159986.0,R,7776.0,R,441.0,R,48.0,R,3028557.0,R,6867.0,R,439.0,R,48.0,R,2953557.0,R,6728.0,R,97.0,R,11.0,R,75000.0,R,773.0,R,227.0,R,25.0,R,669740.0,R,2950.0,R,123.0,R,13.0,R,461689.0,R,3754.0,R,246.0,R,27.0,R,1234919.0,R,5020.0,R,246.0,R,27.0,R,1234919.0,R,5020.0,R,0.0,R,0.0,R,0.0,A,,2024
246354,R,10908,R,7723,R,3185,R,919,R,8,R,10908.0,R,7723.0,R,3185.0,R,919.0,R,8.0,A,,A,,A,,A,,A,,R,3999,R,37,R,20323541,R,5082.0,R,3704,R,48,R,19299605,R,5210.0,R,295,R,9,R,1023936,R,3471.0,R,2899,R,27,R,14703688,R,5072.0,R,2746,R,36,R,13982654,R,5092.0,R,153,R,5,R,721034,R,4713.0,R,253,R,2,R,1516736,R,5995.0,R,235,R,3,R,1399901,R,5957.0,R,18,R,1,R,116835,R,6491.0,R,850.0,R,92.0,R,850.0,R,92.0,R,850.0,R,92.0,R,5935203.0,R,6983.0,R,680.0,R,74.0,R,4248601.0,R,6248.0,R,676.0,R,74.0,R,4105891.0,R,6074.0,R,121.0,R,13.0,R,142710.0,R,1179.0,R,500.0,R,54.0,R,1386070.0,R,2772.0,R,277.0,R,30.0,R,300532.0,R,1085.0,R,17.0,R,2.0,R,88590.0,R,5211.0,R,17.0,R,2.0,R,88590.0,R,5211.0,R,0.0,R,0.0,R,0.0,A,,2024
247834,R,37776,R,25860,R,11916,R,3608,R,10,R,37776.0,R,25860.0,R,11916.0,R,3608.0,R,10.0,A,,A,,A,,A,,A,,R,8186,R,22,R,48732106,R,5953.0,R,8096,R,31,R,48560896,R,5998.0,R,90,R,1,R,171210,R,1902.0,R,6127,R,16,R,30049290,R,4904.0,R,6127,R,24,R,30049290,R,4904.0,R,0,R,0,R,0,A,,R,2774,R,7,R,10689199,R,3853.0,R,2774,R,11,R,10689199,R,3853.0,R,0,R,0,R,0,A,,R,1630.0,R,45.0,R,1478.0,R,41.0,R,1478.0,R,41.0,R,9624376.0,R,6512.0,R,1305.0,R,36.0,R,8086136.0,R,6196.0,R,1305.0,R,36.0,R,7941761.0,R,6086.0,R,111.0,R,3.0,R,144375.0,R,1301.0,R,530.0,R,15.0,R,1347064.0,R,2542.0,R,95.0,R,3.0,R,191176.0,R,2012.0,R,468.0,R,13.0,R,1599875.0,R,3419.0,R,468.0,R,13.0,R,1589565.0,R,3397.0,R,1.0,R,0.0,R,10310.0,R,10310.0,2024
382911,R,47,R,47,R,0,R,15,R,32,R,47.0,R,47.0,R,0.0,R,15.0,R,32.0,A,,A,,A,,A,,A,,R,45,R,96,R,533371,R,11853.0,R,45,R,96,R,533371,R,11853.0,R,0,Z,0,R,0,A,,R,35,R,74,R,194503,R,5557.0,R,35,R,74,R,194503,R,5557.0,R,0,Z,0,R,0,A,,R,3,R,6,R,32676,R,10892.0,R,3,R,6,R,32676,R,10892.0,R,0,Z,0,R,0,A,,R,15.0,R,100.0,R,15.0,R,100.0,R,15.0,R,100.0,R,164398.0,R,10960.0,R,10.0,R,67.0,R,56207.0,R,5621.0,R,10.0,R,67.0,R,55607.0,R,5561.0,R,1.0,R,7.0,R,600.0,R,600.0,R,15.0,R,100.0,R,102791.0,R,6853.0,R,3.0,R,20.0,R,5400.0,R,1800.0,R,0.0,R,0.0,R,0.0,A,,R,0.0,R,0.0,R,0.0,A,,R,0.0,R,0.0,R,0.0,A,,2024
409315,R,26440,R,16131,R,10309,R,2450,R,9,R,26440.0,R,16131.0,R,10309.0,R,2450.0,R,9.0,A,,A,,A,,A,,A,,R,11454,R,43,R,60507607,R,5283.0,R,11349,R,70,R,60295391,R,5313.0,R,105,R,1,R,212216,R,2021.0,R,10258,R,39,R,50997962,R,4972.0,R,10258,R,64,R,50997962,R,4972.0,R,0,R,0,R,0,A,,R,0,R,0,R,0,A,,R,0,R,0,R,0,A,,R,0,R,0,R,0,A,,R,2172.0,R,89.0,R,2096.0,R,86.0,R,2096.0,R,86.0,R,15819149.0,R,7547.0,R,2004.0,R,82.0,R,12157797.0,R,6067.0,R,1956.0,R,80.0,R,12054797.0,R,6163.0,R,105.0,R,4.0,R,103000.0,R,981.0,R,940.0,R,38.0,R,3631018.0,R,3863.0,R,35.0,R,1.0,R,30334.0,R,867.0,R,49.0,R,2.0,R,167867.0,R,3426.0,R,0.0,R,0.0,R,0.0,A,,R,49.0,R,2.0,R,167867.0,R,3426.0,2024
416801,R,322,R,322,R,0,R,0,R,0,R,322.0,R,322.0,R,0.0,R,0.0,R,0.0,A,,A,,A,,A,,A,,R,211,R,66,R,1029210,R,4878.0,R,211,R,66,R,1029210,R,4878.0,R,0,Z,0,R,0,A,,R,110,R,34,R,765106,R,6956.0,R,110,R,34,R,765106,R,6956.0,R,0,Z,0,R,0,A,,R,110,R,34,R,928248,R,8439.0,R,110,R,34,R,928248,R,8439.0,R,0,Z,0,R,0,A,,A,,A,,A,,A,,A,,A,,A,,A,,A,,A,,A,,A,,A,,A,,A,,A,,A,,A,,A,,A,,A,,A,,A,,A,,A,,A,,A,,A,,A,,A,,A,,A,,A,,A,,A,,A,,A,,A,,A,,A,,2024
420398,R,18808,R,13872,R,4936,R,1663,R,9,R,18808.0,R,13872.0,R,4936.0,R,1663.0,R,9.0,A,,A,,A,,A,,A,,R,7014,R,37,R,31316423,R,4465.0,R,6775,R,49,R,30360376,R,4481.0,R,239,R,5,R,956047,R,4000.0,R,4236,R,23,R,20822900,R,4916.0,R,4088,R,29,R,20162404,R,4932.0,R,148,R,3,R,660496,R,4463.0,R,455,R,2,R,2559871,R,5626.0,R,435,R,3,R,2432613,R,5592.0,R,20,R,0,R,127258,R,6363.0,R,1457.0,R,88.0,R,1456.0,R,88.0,R,1453.0,R,87.0,R,8266156.0,R,5689.0,R,805.0,R,48.0,R,4882243.0,R,6065.0,R,800.0,R,48.0,R,4708144.0,R,5885.0,R,150.0,R,9.0,R,174099.0,R,1161.0,R,1105.0,R,66.0,R,3106328.0,R,2811.0,R,184.0,R,11.0,R,277585.0,R,1509.0,R,41.0,R,2.0,R,211979.0,R,5170.0,R,40.0,R,2.0,R,201567.0,R,5039.0,R,1.0,R,0.0,R,10412.0,R,10412.0,2024
441760,R,5302,R,2937,R,2365,R,468,R,9,R,5302.0,R,2937.0,R,2365.0,R,468.0,R,9.0,A,,A,,A,,A,,A,,R,1682,R,32,R,11956620,R,7109.0,R,1657,R,56,R,11945016,R,7209.0,R,25,R,1,R,11604,R,464.0,R,1399,R,26,R,6571538,R,4697.0,R,1399,R,48,R,6571538,R,4697.0,R,0,R,0,R,0,A,,R,665,R,13,R,4416740,R,6642.0,R,665,R,23,R,4416740,R,6642.0,R,0,R,0,R,0,A,,R,361.0,R,77.0,R,361.0,R,77.0,R,361.0,R,77.0,R,2345368.0,R,6497.0,R,268.0,R,57.0,R,1586867.0,R,5921.0,R,268.0,R,57.0,R,1572119.0,R,5866.0,R,8.0,R,2.0,R,14748.0,R,1844.0,R,76.0,R,16.0,R,489072.0,R,6435.0,R,129.0,R,28.0,R,269429.0,R,2089.0,R,90.0,R,19.0,R,547625.0,R,6085.0,R,90.0,R,19.0,R,547625.0,R,6085.0,Z,0.0,R,0.0,Z,0.0,A,,2024
459949,R,6706,R,6186,R,520,R,974,R,15,R,6706.0,R,6186.0,R,520.0,R,974.0,R,15.0,A,,A,,A,,A,,A,,R,4265,R,64,R,30624571,R,7180.0,R,4265,R,69,R,30624571,R,7180.0,R,0,R,0,R,0,A,,R,3409,R,51,R,17815355,R,5226.0,R,3409,R,55,R,17815355,R,5226.0,R,0,R,0,R,0,A,,R,2436,R,36,R,17760434,R,7291.0,R,2436,R,39,R,17760434,R,7291.0,R,0,R,0,R,0,A,,R,880.0,R,90.0,R,880.0,R,90.0,R,837.0,R,86.0,R,8323430.0,R,9944.0,R,664.0,R,68.0,R,3802074.0,R,5726.0,R,638.0,R,66.0,R,3778886.0,R,5923.0,R,26.0,R,3.0,R,23188.0,R,892.0,R,578.0,R,59.0,R,3268182.0,R,5654.0,R,404.0,R,41.0,R,1253174.0,R,3102.0,R,301.0,R,31.0,R,1737015.0,R,5771.0,R,298.0,R,31.0,R,1532435.0,R,5142.0,R,12.0,R,1.0,R,204580.0,R,17048.0,2024
483036,R,1677,R,1673,R,4,R,5,R,0,R,1677.0,R,1673.0,R,4.0,R,5.0,R,0.0,A,,A,,A,,A,,A,,R,1191,R,71,R,9136040,R,7671.0,R,1190,R,71,R,9133489,R,7675.0,R,1,R,25,R,2551,R,2551.0,R,843,R,50,R,4412087,R,5234.0,R,843,R,50,R,4412087,R,5234.0,R,0,R,0,R,0,A,,R,773,R,46,R,6015583,R,7782.0,R,773,R,46,R,6015583,R,7782.0,R,0,R,0,R,0,A,,R,5.0,R,100.0,R,5.0,R,100.0,R,5.0,R,100.0,R,59049.0,R,11810.0,R,4.0,R,80.0,R,27956.0,R,6989.0,R,4.0,R,80.0,R,27956.0,R,6989.0,R,0.0,R,0.0,R,0.0,A,,R,3.0,R,60.0,R,18250.0,R,6083.0,R,4.0,R,80.0,R,12843.0,R,3211.0,R,1.0,R,20.0,R,1265.0,R,1265.0,R,1.0,R,20.0,R,1265.0,R,1265.0,R,0.0,R,0.0,R,0.0,A,,2024
484905,R,3018,R,2914,R,104,R,416,R,14,R,3018.0,R,2914.0,R,104.0,R,416.0,R,14.0,A,,A,,A,,A,,A,,R,2173,R,72,R,19566954,R,9005.0,R,2166,R,74,R,19545184,R,9024.0,R,7,R,7,R,21770,R,3110.0,R,1627,R,54,R,8958645,R,5506.0,R,1627,R,56,R,8958645,R,5506.0,R,0,R,0,R,0,A,,R,947,R,31,R,7333367,R,7744.0,R,941,R,32,R,7224095,R,7677.0,R,6,R,6,R,109272,R,18212.0,R,402.0,R,97.0,R,402.0,R,97.0,R,396.0,R,95.0,R,5110941.0,R,12906.0,R,310.0,R,75.0,R,1853184.0,R,5978.0,R,310.0,R,75.0,R,1827196.0,R,5894.0,R,29.0,R,7.0,R,25988.0,R,896.0,R,256.0,R,62.0,R,1868526.0,R,7299.0,R,366.0,R,88.0,R,1389231.0,R,3796.0,R,103.0,R,25.0,R,417743.0,R,4056.0,R,103.0,R,25.0,R,417743.0,R,4056.0,R,0.0,R,0.0,R,0.0,A,,2024
487320,R,11436,R,9156,R,2280,R,2015,R,18,R,11436.0,R,9156.0,R,2280.0,R,2015.0,R,18.0,A,,A,,A,,A,,A,,R,6230,R,54,R,43169294,R,6929.0,R,6230,R,68,R,43169294,R,6929.0,R,0,R,0,R,0,A,,R,4598,R,40,R,24880848,R,5411.0,R,4598,R,50,R,24880848,R,5411.0,R,0,R,0,R,0,A,,R,2457,R,21,R,11732854,R,4775.0,R,2457,R,27,R,11732854,R,4775.0,R,0,R,0,R,0,A,,R,1758.0,R,87.0,R,1710.0,R,85.0,R,1658.0,R,82.0,R,16950811.0,R,10224.0,R,1247.0,R,62.0,R,9062914.0,R,7268.0,R,1247.0,R,62.0,R,8923883.0,R,7156.0,R,204.0,R,10.0,R,139031.0,R,682.0,R,695.0,R,34.0,R,5007740.0,R,7205.0,R,1276.0,R,63.0,R,2880157.0,R,2257.0,R,636.0,R,32.0,R,3239299.0,R,5093.0,R,629.0,R,31.0,R,2724137.0,R,4331.0,R,33.0,R,2.0,R,515162.0,R,15611.0,2024
488730,R,8265,R,5689,R,2576,R,757,R,9,R,8265.0,R,5689.0,R,2576.0,R,757.0,R,9.0,A,,A,,A,,A,,A,,R,2953,R,36,R,13046536,R,4418.0,R,2838,R,50,R,12605366,R,4442.0,R,115,R,4,R,441170,R,3836.0,R,1617,R,20,R,8305416,R,5136.0,R,1557,R,27,R,8012116,R,5146.0,R,60,R,2,R,293300,R,4888.0,R,206,R,2,R,1216432,R,5905.0,R,194,R,3,R,1122493,R,5786.0,R,12,R,0,R,93939,R,7828.0,R,636.0,R,84.0,R,636.0,R,84.0,R,630.0,R,83.0,R,3411513.0,R,5415.0,R,336.0,R,44.0,R,2025681.0,R,6029.0,R,335.0,R,44.0,R,2003431.0,R,5980.0,R,20.0,R,3.0,R,22250.0,R,1113.0,R,461.0,R,61.0,R,1190896.0,R,2583.0,R,80.0,R,11.0,R,194936.0,R,2437.0,R,31.0,R,4.0,R,169347.0,R,5463.0,R,31.0,R,4.0,R,169347.0,R,5463.0,R,0.0,R,0.0,R,0.0,A,,2024
492689,R,236,R,236,R,0,R,0,R,0,R,236.0,R,236.0,R,0.0,R,0.0,R,0.0,A,,A,,A,,A,,A,,R,223,R,94,R,1498177,R,6718.0,R,223,R,94,R,1498177,R,6718.0,R,0,Z,0,R,0,A,,R,125,R,53,R,847582,R,6781.0,R,125,R,53,R,847582,R,6781.0,R,0,Z,0,R,0,A,,R,177,R,75,R,1801228,R,10176.0,R,177,R,75,R,1801228,R,10176.0,R,0,Z,0,R,0,A,,A,,A,,A,,A,,A,,A,,A,,A,,A,,A,,A,,A,,A,,A,,A,,A,,A,,A,,A,,A,,A,,A,,A,,A,,A,,A,,A,,A,,A,,A,,A,,A,,A,,A,,A,,A,,A,,A,,A,,A,,2024
